material,inside_ad_flag
H2S1,False
Hg0.66Pb0.34Ba2Ca1.98Cu2.9O8.4,True
Hg0.7Pb0.3Ba2Ca2Cu3O8,True
Tl0.8Hg0.2Ba2Ca2Cu3O9,True
Bi1.8Pb0.2Sb0.1Sr2Ca2Cu2O,True
Bi1.6Pb0.4Sb0.1Sr2Ca2Cu2O,True
Hg0.75Ba2.07Ca2.07Cu3.11O8.208,True
Hg1Ba2Ca2Cu3O8,True
Hg1Ba2Ca2Cu3O8,True
Hg0.75Ba2.07Ca2.07Cu3.11O8.187,True
Hg1Ba2Ca2Cu3O8.27,True
Hg1Ba2Ca2Cu3O8.29,True
Hg1Ba2Ca2Cu3O8,True
Hg1Ba2Ca2Cu3O,True
Hg1Ba2Ca2Cu3FO8,True
Hg0.9Re0.1Ba2Ca2Cu3O,True
Hg0.75Ba2.07Ca2.07Cu3.11O8.15,True
Hg1Ba2Ca2Cu3O,True
Hg1Ba2Ca2Cu3O8,True
Hg0.75Ba2.07Ca2.07Cu3.11O8.16,True
Hg0.6Ti0.4Ba2Ca2Cu3O8.4,True
Hg1Ba2Ca1Cu2O6,True
Hg1Ba2Ca2Cu3O8,True
Hg1Ba2Ca2Cu3O8.3,True
Tl0.1Hg0.9Ba2Ca2Cu3O8,True
Tl0.5Hg0.5Ba2Ca2Cu3O8,True
Hg0.8Mo0.2Ba2Ca2Cu3O8.4,True
Tl0.05Hg0.95Ba2Ca2Cu3O8,True
Tl0.3Hg0.7Ba2Ca2Cu3O8,True
Hg1Ba2Ca2Cu3O8.35,True
Hg1Ba2Ca2Cu3O8,True
Pb0.17Hg1.22Ba2Ca1.44Cu2.79O,True
Tl0.75Ba2Ca2Cu3C0.02O,True
Hg1Ba2Ca2Cu3O8,True
Tl0.75Ba2Ca2Cu3O,True
Hg0.75SrBa2Ca2Cu3O8,True
Hg0.75Ba2.07Ca2.07Cu3.11O8.223,True
Hg0.82Re0.18Ba2Ca2Cu3O8,True
Hg0.82Re0.18Ba2Ca2Cu3O8,True
Hg0.8Re0.2Ba2Ca2Cu3O8,True
Hg1Ba2Ca1.73Pb0.17Cu2.86O8,True
Hg1Ba2Ca2Cu3O8.41,True
Hg0.8Re0.2Ba2Ca2Cu3O,False
Tl0.7Hg0.3Ba2Ca2Cu3O8,True
Hg1Ba2Ca2Cu3O8,True
Hg0.8Sb0.05Pb0.15Ba2Ca2Cu3O8,True
Hg1Ba2Ca2Cu3O8.3,True
Hg0.9Au0.1Ba2Ca2Cu3O,True
Hg1Ba2Ca2Cu3O,True
Hg0.85Re0.15Ba2Ca2Cu3O8,True
Hg0.85Re0.15Ba2Ca2Cu3O8,True
Hg0.75Ba2.07Ca2.07Cu3.11O8.136,True
Hg1Ba2Ca2Cu3O,True
Hg0.75Re0.25Ba2Ca2Cu3O8,True
Hg0.82Re0.18Ba2Ca2Cu3O8,True
Hg0.9Re0.1Ba2Ca2Cu3O8,True
Tl0.5Ba2Ca2Mg2Cu5.5O14,True
Hg0.82Re0.18Ba2Ca2Cu3O8,True
Hg0.95Re0.05Ba2Ca2Cu3O8,True
Hg1Ba2Ca2Cu3O8,True
Bi1.6Pb0.4Sb0.1Sr2Ca2Cu2O,True
Hg1Ba2Ca2Cu3O8.25,True
Tl0.5Ba2Ca2Cu3.5O10,True
Hg0.82Re0.18Ba2Ca2Cu3O8,True
Hg1Ba2Ca2Cu3O8,True
Hg1Ba2Ca2Cu3O,True
Hg0.95Sb0.05Ba2Ca2Cu3O8,True
Hg1Ba2CaSrCu3O8,True
Tl0.9Hg0.1Ba2Ca2Cu3O8,True
Bi1.5Pb0.4Sb0.1Sr2Ca2Cu3O,True
Bi1.6Pb0.3Sb0.1Sr2Ca2Cu3O,True
Hg0.8Pb0.2Ba2Ca2Cu3O8,True
Cu1Cr1O2,True
Hg0.5Tl0.5Ba2CaSrCu3O8,True
Hg1Ba2Ca1.73Pb0.17Cu2.86O8,True
Hg0.82Re0.18Ba2Ca2Cu3O8,True
Hg1Ba2Ca2Cu3F0.4O,True
Hg0.85Re0.15Ba1.66Sr0.34Ca2Cu3O8,True
Tl0.75Ba2Ca2Cu3O,True
Hg1Ba2Ca2Cu3O8,True
Tl1Ba2Ca2Cu3O9,True
Hg0.8Au0.2Ba2Ca2Cu3O,False
Hg1Ba2Ca2Cu3O8,True
Hg0.85Re0.15Ba1.6Sr0.4Ca2Cu3O8,True
Hg1Ba2Ca2Cu3F0.6O,True
Hg0.7Pb0.3Ba2Ca2Cu3O8.35,True
Hg0.77Re0.23Ba2Ca2Cu3O8,True
Cu0.5Tl0.5Ba2Ca0.8Mg1.2Cu3O10,True
Tl1Ba2Ca2Cu3O,True
Bi1.6Pb0.4Sr2Ca2Cu4O,True
Y1Ba2Cu3O7,True
Hg0.7Pb0.3Ba2Ca2Cu3O8,True
Hg0.9Pb0.1Ba2Ca2Cu3O8,True
Hg1Ba2Ca2Cu3O,True
Hg0.8Bi0.2Ba2Ca2Cu3O8.2,True
Hg1Ba2Ca2Cu3O8,True
Hg0.97Re0.03Ba2Ca2Cu3O8,True
Hg1Ba2Ca2Cu3Fe0.6O,True
Hg0.8Pb0.2Ba2Ca2Cu3O8,True
Hg0.8Mo0.2Ba2Ca2Cu3O8.4,True
Tl2Ba2Ca2Cu3O10,True
Hg0.8Sb0.1Pb0.1Ba2Ca2Cu3O8,True
Tl2Ba2Ca2Cu3O,True
Hg1Ba2Ca2Cu3F0.3O,True
Hg1Ba2Ca2Cu3F0.2O,True
Hg0.85Re0.15Ba1.44Sr0.56Ca2Cu3O8,True
Hg1Ba2Ca2Cu3Fe0.3O,True
Hg1Ba2Ca2Cu3F0.5O,True
Tl2Ba2Ca2Cu3O10,True
Hg1Ba2Ca2Cu3Fe0.8O,True
Hg1Ba2Ca2Cu3F0.8O,True
Hg1Ba2Ca2Cu3F0.2O,True
Hg1Ba2Ca2Cu3Fe0.5O,False
Tl1Ba2Ca3Cu4O,True
Tl1Ba2Ca2Cu3O,True
Hg0.5Tl0.5Ba2Ca1.72Sr0.28Cu3O8,True
Hg1Ba2Ca1Cu2O6,True
Hg1Ba2Ca1Cu2FO6,True
Hg0.8Nd0.2Ba2Ca2Cu3O8.3,True
Hg0.9Re0.1Ba2Ca2Cu3O,True
Hg0.8V0.2Ba2Ca1Cu2O6.3,True
Hg0.6Ti0.4Ba2Ca2Cu3O8.4,True
Hg0.75Tl0.25Ba2Ca1.72Sr0.28Cu3O8,True
Hg1Ba2Ca2Cu3F0.1O,True
Hg1Ba2Ca2Cu3F0.1O,True
Hg1Ba2Ca1Cu2O6.22,True
Hg0.7Pb0.3Ba2Ca2Cu3O,True
Hg0.8V0.2Ba2Ca2Cu3O8.3,True
Hg1Ba2Ca1Cu2O6,True
Hg1Ba2Ca3Cu4O10,True
Hg0.8Sb0.15Pb0.05Ba2Ca2Cu3O8,True
Tl0.75Ba2Ca2Cu3C0.02O,True
Hg0.8Ti0.2Ba2Ca1Cu2O6.2,True
Tl1.6Hg0.4Ba2Ca2Cu3O10,True
Hg0.8Mo0.2Ba2Ca1Cu2O6.4,True
Hg1Ba2Ca1Cu2O6.21,True
Hg0.3La0.7Ba2Ca3Cu2.8Ag1.2O10,False
Hg0.3La0.7Ba2Ca3Cu3.2Ag0.8O10,True
Hg1Ba2Ca1Cu2O6,True
Hg0.75Sr0.5Ba1.5Ca2Cu3O8,True
Hg1Ba2Ca1.72Sr0.28Cu3O8,True
Hg1Ba2Ca3Cu4O10,True
Hg1Ba2Ca1Cu2O6.24,True
Hg0.8Sb0.2Ba2Ca2Cu3O8,False
Ba2Ca2Cu3O,True
Hg1Ba2Ca2Cu3O,True
Tl2Ba2Ca2Cd0.2Cu3O,True
Hg1Ba2Ca2Cu3Fe1O,True
Hg1Ba2Ca3Cu4O10,True
Tl2Ca2Ba2Cu3O,True
Hg0.8Pb0.2Ba2Ca2Cu3O8,True
Hg0.8V0.2Ba2Ca1Cu2O6.3,True
Hg1Ba2Ca1Cu2O,True
Hg0.8Pb0.2Ba2Ca2Cu3O8.3,True
Tl2Ba2Ca2Cu3O10,True
Hg1Ba2Ca1Cu2O6,True
Hg1Ba2Ca3Cu4O,True
Hg1Ba2Ca2Cu3F1O,True
Tl0.8Hg0.2Ba2Ca1.975Yb0.025Cu3O9,True
Tl1.7Hg0.3Ba2Ca2Cu3O10,True
Tl0.5Pb0.5Sr1.6Ca2.4Cu3O9,True
Tl0.8Zn0.2Ba2Ca2Cu3O9,True
Tl2Ba2Ca2Cd0.3Cu3O,False
Ba2Ca2Cu3O,True
Hg1Ba2Ca1Cu2O6,True
Hg0.8Ge0.2Ba2Ca1Cu2O6.2,True
Hg1Ba2Ca2Cu3O8,True
Hg0.5Tl0.5Ba2Ca1.72Sr0.28Cu3O8,True
Tl2Ba2Ca4Cu5O14,True
Hg0.8Tl0.2Ba2Ca1Cu2O6,True
Tl2Ba2Ca2Cu3O,True
Tl2Ba2Ca2Cd0.1Cu3O,True
Tl1.4Hg0.6Ba2Ca2Cu3O10,True
Tl1Ba2Ca2Cu3C0.2O,True
Tl0.5Pb0.5Sr1.6Ba0.4Ca2Cu3F3O,True
Tl0.8Hg0.2Ba2Ca1.975Sm0.025Cu3O9,True
Hg1Ba2Ca1Cu2O6,True
Hg1Ba2Ca3Cu4O,True
Tl2Ba2Ca2Cu3O,True
Tl1Ba2Ca2Cu3O9,True
Tl2Ba2Ca2Cu3O10,True
Tl1Ba1Ca3Cu3O,True
Tl1Ba2Ca2Cu3O8,True
Hg1Ba2Ca2Cu3O8,True
Tl2Ba2Ca2Cu3O,True
Hg1Ba2Ca1Cu2O6,True
Tl0.64Pb0.2Bi0.16Sr2Ca3Cu4O,True
Hg1Tl1Ba4Ca4Cu6O,True
Tl0.5Ba2Ca3Cu1Zn3.5O12,False
Tl1Ba2Ca3Cu4O11,True
Hg1Ba2Ca1Cu2O6,True
Tl1Ba2Ca2Cu3O,True
Hg0.75Sr1Ba1Ca2Cu3O8,True
Hg1Ba2Ca1Cu2O6.24,True
Tl0.6Pb0.2Bi0.2Sr1.8Ba0.2Ca2Cu3O9,True
Hg1Ba2Ca1Cu2O6.19,True
Hg1Tl2Ba4Ca4Cu6O,True
Hg0.5Tl0.5Ba2Ca0.86Sr0.14Cu2O6,True
Hg0.25Tl0.75Ba2Ca1.72Sr0.28Cu3O8,True
Hg0.3La0.7Ba2Ca3Cu3.6Ag0.4O10,True
Tl0.5Ba2Ca3Cu1.5Zn3O12,True
Hg0.5Pb0.5Sr2Ca2Cu3O,True
Hg1Ba2Ca1Cu2O6.16,True
Hg1Ba2Ca1Cu2O6.24,True
Tl0.5Pb0.5Sr1.6Ba0.4Ca2Cu3F2.2O,True
Cu0.25Tl0.75Ba2Ca2Cu3O11,True
Hg1Ba2Ca1Cu2O6,True
Hg0.7Au0.3Ba2Ca2Cu3O,True
Tl2Ba2Ca2Cu3O10,True
Tl0.54Pb0.5Sr1.7Ba0.3Ca2Cu3O,True
Tl0.54Pb0.49Te0.01Sr1.7Ba0.3Ca2Cu3O,True
Tl0.5Pb0.5Sr1.6Ba0.4Ca2Cu3F0.1O,True
Tl0.5Pb0.5Ba1.6Sr0.4Ca2Cu3O,True
Tl0.54Pb0.45Te0.05Sr1.7Ba0.3Ca2Cu3O,True
Ba2Ca4Cu5C0.4B0.6O3,True
Tl0.5Pb0.5Sr1.6Ba0.4Ca2Cu3O,True
Tl2Ba2Ca2Cu3O10,True
Ba2Ca2Cu3F1.2O6.8,True
Tl0.74Bi0.3Sr1.8Ba0.2Ca2Cu3O,True
Tl2Ba2Ca3Cu4O12,True
Hg0.8V0.2Ba2Ca2Cu3O8.3,True
Ba2Ca5Cu7O14,True
Tl1.8Ba2Ca2.2Cu3O,True
Hg0.6Pb0.4Ba2Ca2Cu3O8.4,True
C0.5Cu0.5Ba2Ca2Cu3O,True
Hg0.9Re0.1Ba2Ca1Cu2O6,True
Tl2Ca2Ba2Cu3O,True
Ba2Ca2Cu3F0.8O7.2,True
Hg0.6Pb0.4Ba2Ca2Cu3O8,True
Hg1Ba2Ca0.86Sr0.14Cu2O6,True
Tl2Ba2Ca5Cu6O16,True
H1W1O3,False
Hg1Ba2Ca1Cu2O6,True
Tl0.5Ba2Ca2Cu1Zn2.5O10,True
Hg1Ba2Ca2Cu3O8,True
Hg0.75Re0.25Sr2Ca2Cu3O,True
Tl2Ca2Ba2Cu3O10,True
Tl0.5Ba2Ca3Cu2Zn2.5O12,True
B0.65C0.35Ba1.4Sr0.6Ca2Cu3O,True
Tl0.9Zn0.1Ba2Ca2Cu3O9,True
Tl0.69Pb0.46Sr1.6Ba0.4Ca2Cu3Ag0.4O,True
Tl0.54Pb0.4Te0.1Sr1.7Ba0.3Ca2Cu3O,True
Hg0.8V0.2Ba2Ca1Cu2O6.3,True
Tl0.5Pb0.5Sr2Ca2Cu3O,True
Tl2Ba2Ca2Cu3O10,True
B0.6C0.4Sr0.5Ba1.5Ca2Cu3O9,True
Tl2Ba2Ca2Cu3O,True
Tl0.7Zn0.3Ba2Ca2Cu3O9,True
Tl2Ba2Ca2Cu3O10,True
Tl2HgBa2Ca2Cu3O10,True
Hg1Ba2Ca2Cu3O8.28,True
Tl1.4Ba2Ca2.6Cu3O9.53,True
Tl1.6Ba2Ca2.4Cu3O9.67,True
Tl1Ba2Ca2Cu3O,True
Hg0.9Pb0.1Ba2Ca2Cu3O8.25,True
Tl1.8Ca1.6Ba2Cu2.9O,True
Tl2Ca2Ba2Cu3O10,True
Hg1Ba2Ca2Cu3O8,True
Cu4Ba2Ca2O8,True
Tl1.4Ba2Ca3Cu4O11.4,True
C0.5Cu0.5Ba2Ca2Cu3O,True
Hg0.8W0.2Ba2Ca1Cu2O6.4,True
Hg0.9W0.1Ba2Ca1Cu2O6.2,True
Hg0.6Au0.4Ba2Ca2Cu3O,False
Cu5Ba2Ca3O,True
Tl1.4Hg0.6Ba2Ca2Cu3O,True
Hg0.9Pb0.1Ba2Ca2Cu3O8,True
Tl1Ba2Ca2Cu3O9,True
B0.7C0.3Ba1.5Sr0.5Ca2Cu3O,False
Bi1.7Pb0.3Sr2Ca2Cu3F0.8O9.2,True
Hg1Tl2Ba4Ca2Cu4O,True
C0.3Ba2Ca4Cu5.7O11.18,True
Cu1Cr0.95Fe0.05O2,True
Ba2Ca3Cu5O12,True
Cu0.9C0.1Ba2Ca3Cu4O,True
Bi1.65Pb0.35Sr2Ca2Cu3FO,True
Ag0.25Cu0.75Ba2Ca3Cu4O11,True
Cu0.25Tl0.75Ba2Ca2Cu3O11,True
C0.5Ba2Ca3Cu4.5O,True
Cu0.5Tl0.5Ba2Ca1.2Mg0.8Cu3O10,True
Hg1Ba2Ca1Cu2O6,True
Ba2Ca3Cu4O,True
C0.5Ba2Ca3Cu4.5O11,True
Cu4.6C0.4Ba2Ca3O12,True
Tl0.6Zn0.4Ba2Ca2Cu3O9,True
Ag1Ba2Ca3Cu4O11,True
Tl0.25Li0.25Ba2Ca2Cu3.5O7.955,True
Tl0.5Pb0.5Sr1.6Ca2.4Cu3O9,True
Cu0.68C0.32Ba2Ca3Cu4O11,True
Tl2Ba2Cu1O6,True
Cu0.5Ag0.25Ba2Ca3Cu4O,True
Tl0.5Pb0.5Sr2Ca2Cu3Li0.2O,True
Ba2Ca2.4Mg0.6Cu5O12,True
C0.3Ba2Ca4Cu5.7O10.77,True
Ba2Ca2.85Mg0.15Cu5O12,True
Ba2Ca2.01Mg0.99Cu5O12,True
Bi1.5Pb0.4Sb0.32Sr2Ca2Cu2O,True
Ba2Ca2.7Mg0.3Cu5O12,True
C0.3Ba2Ca4Cu5.7O10.69,True
Tl0.9Ni0.1Ba2Ca2Cu3O9,True
Cu5Ba2Ca3O12,True
Hg1.4Tl0.6Ba2Ca3Cu4O,True
Hg1Ba2Ca3Cu4O,True
Bi1.7Pb0.2Sb0.1Sr2Ca2Cu3O,True
Ba2Ca3Cu5O12,True
Bi1.3Pb0.7Sr2Ca2Cu3O,True
Ba2Ca2Cu3F1O7.0,True
Hg1Ba2Ca0.86Sr0.14Cu2O6,True
Tl0.575Pb0.575Sr1.6Ba0.4Ca2Cu3Ag0.4O,True
Ba2Ca3Cu4O10.35,True
Tl0.8Bi0.2Ba2Ca2Cu3O9,True
Hg1Ba2Ca1Cu2O6,True
Bi1.6Pb0.3Sb0.1Sr2Ca2Cu3O,True
Bi1.6Pb0.4Sr2Ca2Cu3F0.85O,True
Tl1.7Ba2Ca2.3Cu3O9.82,True
Tl2Ba2Ca2Cu3O10,True
Hg1Ba2Ca3Cu4O10,True
Ba2Ca3Cu5O11,True
C0.3Ba2Ca4Cu5.7O10.66,True
Cu0.8C0.2Ba2Ca3Cu4O,True
Bi0.8Nd0.1Tb0.1Pb1Sr2Ca2Cu3O10,True
Tl0.5Ba2Ca3Cu2.5Zn2O12,False
C0.3Ba2Ca4Cu5.7O10.57,True
Tl0.79Bi0.25Sr1.6Ba0.4Ca2Cu3O,True
Tl2.1Ca2.6Ba2Cu3.8O,True
Hg1Ba2Ca3Cu4O1,True
Tl0.5Pb0.5Sr2Ca2Cu3O9,True
Hg0.8Cr0.2Ba2Ca1Cu2O6.1,True
Bi0.8Nd0.1Tb0.1Pb1Sr2Ca2Cu3O10,True
Hg1Ba2Ca2Cu3O8,True
Hg1Ba2Ca3Cu4O2,True
Tl0.52Pb0.5Sr0.8Ba0.2Ca2Cu3O,True
Hg0.8V0.2Ba2Ca1Cu2O6.3,True
Tl0.5Ba2Ca0.5Mg1.5Cu1Zn2.5O10,True
Cu0.5Tl0.5Ba2Ca1.6Mg0.4Cu3O10,True
Tl2Ba2Ca2Cu3O10,True
H1Br3C61,True
Tl1Ba0.8Sr1.2Ca2Cu3O9,True
Sr16.7Ca7.7Cu19.4C1.9B2.9O51.7,True
Pb0.5Sr2Ca1Cu2.5O6.8,True
Tl0.5Ba2Ca1.5Be1.5Cu4.5O9.887,False
Tl0.5Ba2Ca0.3Be1.7Cu3.5O7.685,True
Bi1.5Pb0.4Sb0.1Sr2Ca2Cu2O,True
C0.3Ba2Ca4Cu5.7O10.45,True
Tl2Ba2Ca1Cu2O8,True
Tl0.8Hg0.2Ba2Ca1.95Sm0.05Cu3O9,True
Tl2Ba2Ca2Cu3O9.83,True
Tl1Ba1Ca1Cu2O5.5,True
Bi1.5Pb0.4Sb0.18Sr2Ca2Cu2O,False
Bi2Sr2Ca2Cu3O1,True
Tl1Ba2Ca3Cu4O11,True
Hg0.8Mn0.2Ba2Ca1Cu2O6.2,True
Tl2Ba2Ca2Cu3O,True
Hg1.2Tl0.8Ba2Ca3Cu4O,True
Hg1Ba2Ca3Cu4FO,True
Tl1Ba2Ca2Cu3O9,True
Hg1.4Tl0.6Ba2Ca3Cu4O,True
C0.3Ba2Ca4Cu5.7O10.34,True
Bi1.3Pb0.5Mo0.2Sr2Ca2Cu3O,False
Tl0.8Ni0.2Ba2Ca2Cu3O9,True
Tl0.5Ba2Ca3Cu3Zn1.5O12,True
Tl2Ba2Ca1Cu2O8,True
Bi1.5Pb0.4Sb0.06Sr2Ca2Cu2O,True
Tl0.25Li0.25Ba2Ca2Cu2.5Si1O7.853,True
Tl0.8Bi0.2Sr1.6Ba0.4Ca2Cu3O9,True
Hg1Ba2Ca1Cu2O6,True
C1Ba2.5Ca2.5Cu4O,True
Cu0.5N0.25C0.25Sr2Ca3Cu4O,True
Bi1.7Pb0.3Sr2Ca2Cu3F0.5O9.5,True
C1Ba3Ca3Cu5O13,True
Tl0.4Zn0.6Ba2Ca2Cu3O9,True
Ba2Ca2Cu3F1.2O6.8,True
Tl0.5Pb0.5Sr1.6Ca2.4Cu3O9,True
Tl1.62Ba2Ca2.3Cu3O9.92,True
Tl0.5Ba2Ca3Cu3.5Zn1O12,True
Tl0.8Hg0.2Ba2Ca1.95Yb0.05Cu3O9,True
Tl2Ba2Ca1Cu2O8,True
Tl0.5Ba2Ca2Cu3O10,True
Cu0.75Ag0.25Ba2Ca3Cu4O,True
C0.5Ba2Ca3Cu4.5O,True
Tl0.5Pb0.5Sr2Ca2Cu3O9,True
Hg1Tl1Ba2Ca3Cu4O,True
Bi1.7Pb0.3Sr2Ca2Cu3O,True
Tl2Ba2Ca1Cu2O7.833,True
Tl0.46Pb0.69Sr1.6Ba0.4Ca2Cu3Ag0.4O,True
Tl1.8Ba2Ca2.2Cu3O9.92,True
Tl0.5Ba2Ca1Mg1Cu1Zn2.5O10,False
Tl2Ba2Ca2Cu3O9.964,True
Bi1.8V0.2Sr2Ca2Cu3O2,True
Hg0.7Bi0.3Sr2Ca2Cu3O8.15,True
Bi1.85Pb0.35Sr1.9Ca2.1Cu3.1O,True
Tl0.25Li0.25Ba2Ca1Mg1Cu3.45Co0.05O10,False
Tl1Ba2Ca2Cu3O9,True
Tl1Ba2Ca2Cu3O,True
Tl0.7Ni0.3Ba2Ca2Cu3O9,True
Bi1.6Pb0.4Sr2Ca2Cu3O,True
Tl2Ba2Ca1.7Cu0.3Cu3O,True
Bi1.3Pb0.5V0.2Sr2Ca2Cu3O,True
Sr2Ca2Cu3F3.2O6.2,True
Bi1.7Pb0.3Sr2Ca2Cu3F0.2O9.8,True
Tl2Ba2Ca1Cu2O8,True
C0.5Ba2Ca3Cu4.5O,True
Tl2Ba2Ca2Cu3O9.877,True
Bi1Pb0.1Sr1Ca1Cu2O,True
Hg1Ba2Ca3Cu4O,True
Bi0.9Nd0.05Tb0.05Pb1Sr2Ca2Cu3O10,True
Bi2.8Pb0.8V0.4Sr4Ca5Cu7O,True
Tl0.25Li0.25Ba2Ca2Cu3Si0.5O7.835,True
Bi1.7Pb0.3Sr2Ca1.99Sm0.01Cu3O,True
Hg1Ba2Ca4Cu5O,True
Bi2Sr1.7Hg0.3Ca2Cu3O,True
Bi2Sr2Ca2Cu3O,True
Bi2Sr2Ca3Cu4O,True
Tl2Ba2Ca1.9Cu0.1Cu3O,True
Bi3Pb0.8V0.2Sr4Ca5Cu7O,True
Bi2.6Pb0.8V0.6Sr4Ca5Cu7O,False
Hg1Ba2Ca2Cu3O,True
Cu0.5Tl0.5Ba2Ca1.9Pr0.1Cu3O10,True
Bi1.7Pb0.2Sb0.1Sr2Ca2Cu3O,True
Tl0.5Ba2Ca3Cu4Zn0.5O12,True
Bi3.2Pb0.6V0.2Sr4Ca5Cu7O,True
Hg1Ba2Ca2Cu3O8,True
Hg1Ba2Ca2Cu3O,True
Cu0.5C0.5Ba2Ca3Cu4O,True
Bi1.8Pb0.4Sr1.9Ca2Cu3O,True
Hg1Ba2Ca2Cu3O8.22,True
Bi1.7Pb0.3Sr2Ca3Cu4O,True
B1Sr2Ca3Cu4O11,True
Tl2.2Ca2Ba2.14Cu3.72O,True
Hg1.2Tl0.8Ba2Ca3Cu4O,True
Hg0.8Cr0.2Ba2Ca1Cu2O6.1,True
Bi1.9Pb0.5Sr2Ca2Cu3O10,True
Hg1Ba2Ca2Cu3O8,True
Hg1Tl1Ba2Ca3Cu4O12,True
Hg0.5Pb0.5Ba2Ca4Cu5O12.5,True
B1Sr2Ca3Cu4O5,False
Tl2Ba2Ca2Cu3O10,True
Nd0.5Ca0.5Ba2Cu2HgO6,True
Tl0.5Pb0.5Ca0.8Er0.2Sr2Cu2O,True
Tl2Ba2Ca2Cu3O9.841,True
Tl2Ba2Ca1Cu1.98Fe0.02F0.1O7.95,True
Tl2Ba2Ca1Cu2O7.876,True
Bi1.5Pb0.4Sb0.1Sr2Ca2Cu3O,True
Bi1Sr1Ca1Cu1O1,True
Hg0.8Cr0.2Ba2Ca2Cu3O8.1,True
C1Ba3Ca3Cu5O13,True
Bi1.7Pb0.3Sr2Ca1.98Sm0.02Cu3O,True
Bi1.6Pb0.4Sr2Ca3Cu3.5Si0.5O12,False
Bi1.6Pb0.4Sr2Ca3Cu3.86Si0.14O12,True
Bi1.6Pb0.4Sr2Ca3Cu3.88Si0.12O12,True
Tl0.25Li0.25Ba2Ca2Cu2Ni1.5O10,False
Bi1.6Pb0.4Sr2Ca3Cu3.92Si0.08O12,True
Bi1.7Pb0.2V0.1Sr2Ca2Cu3O,True
Bi1.6Pb0.4Sr2Ca3Cu4O12,True
Bi1.7Pb0.2Mo0.1Sr2Ca2Cu3O,True
Tl0.58Pb0.4Sr1.6Ba0.4Ca2Cu3O,True
Bi2Sr2Ca2Cu3O,True
Tl2Ca2Ba2Cu3O,True
Bi2Sr2Ca2Cu3O10,True
Tl1Ba2Ca2Cu3O9,True
Al1Sr2Ca3Cu4O,False
Hg0.7Pb0.3Sr2Ca2Cu3O,True
Tl2Ca0.67Ba2Cu2O,True
Bi2Sr2Ca1Cu2O10,True
Hg1Ba2Ca4Cu5O12,True
Bi1Sr1Ca1Cu2O,True
Ag1Ba2Ca2Cu3O9,True
Sr0.7Ca0.3Cu1O2,True
Cu4Ba2Ca2O8,True
Tl2Ca2Ba1Cu3O,True
Ca0.285Sr0.665Cu1O2,True
Tl0.5Ba2Ca1Be2Cu4.5O9.948,True
Bi1.7Pb0.3Sr2Ca2Cu3O,True
Tl0.6V0.5Sr2Ca2Cu3O,True
Hg1Ba2Ca1Cu2O6.27,True
Ca0.27Sr0.63Cu1O2,True
Bi1.6Pb0.4Sr2Ca2Cu3F0.8O0.2,True
Bi1.6Pb0.4Sr2Ca2Cu3O,True
Bi1.6Pb0.3Sb0.1Sr2Ca2Cu3O,True
Bi1.5Pb0.52Sr1.63Ba0.29Ca2.04Cu3O,True
Bi1.9Sn0.1Sr2Ca2Cu3O,True
Bi1.6Pb0.4Sr1.8Ba0.2Ca1Cu3O,True
Bi1.7Pb3Sr2Ca2Cu3Cs0.1O,True
Bi1.5Pb0.2Sr2Ca2Cu2.8Sc0.2O,False
Ba2Ca2Cu3F1.3O6.7,True
Bi1.4Pb0.5Sb0.1Sr2Ca2Cu3O,True
Sr2Ca2Cu3O5.5,True
Tl2Ba2Ca1Cu1.98Fe0.02F0.2O7.9,True
Bi1.6Pb0.4Sr2Ca2.9995Sm0.0005Cu3O,True
Tl2Ba2Ca1Cu2O8,True
Sr1Ca2Cu3O,True
Bi2Sr2Ca2Cu3O10,True
Tl2Ba2Ca3Cu4O12,True
Bi1.8Pb0.3Sr2Ca2Cu3O10,True
Bi2Sr2Ca2O,True
Bi1.7Pb0.3Sr2Ca2Cu3Cs0.3O,True
Bi1.6Pb0.3Sb0.1Sr2Ca2Cu3O10,True
Bi1Pb0.2Sr1Ca1Cu2O,True
Tl0.6Ni0.4Ba2Ca2Cu3O9,True
Hg1Ba2Ca4Cu5FO,True
Bi0.7Pb0.3Sr2Ca2Cu3Cs0.9O,True
Bi1.7Pb0.3Sr2Ca2Cu3Cs0.7O,False
Bi3.2Pb0.8Sr4Ca5Cu7O,True
Bi1.34Pb0.66Sr2Ca2Cu3O,True
Tl2Ba2Ca1Cu2O8,True
Bi2Sr2Ca2Cu3O10.28,True
Bi1.7Pb0.3Sr2Ca2Cu3Cs0.2O,True
Bi1.65Pb0.35Sr2Ca2Cu3O10,True
Bi1.7Pb0.3Sr2Ca2Cu3O,True
Bi1.7Pb0.3Sr2Ca2Cu3Cs0.5O,True
Bi1.7Pb0.3Sr2Ca2Cu3Cs1O,True
Bi1.7Pb0.3Sr2Ca2Cu3Cs0.8O,True
Bi3.2Pb0.4V0.4Sr4Ca5Cu7O,True
Tl0.5Ba2Ca3Cu4.5O12,True
Bi1.4Pb0.6Sr2Ca2Cu3O7,True
Bi1.76Pb0.24Sr2Ca2Cu3O,True
Bi1.6Pb0.4Sr2Ca3Cu3.984Ag0.016O,True
Bi1.6Pb0.4Sr2Ca3Cu3.996Ag0.004O,True
Bi1.6Pb0.4Sr2Ca3Cu3.92Ag0.08O,True
Bi1.6Pb0.4Sr2Ca2Cu3O,True
Cu0.5Tl0.5Ba2Ca2Cu3O10,True
Hg0.7Bi0.3Sr2Ca2Cu3O8.15,True
Ba2Ca1Cu2F1.6O4.4,True
Hg1Ba2Ca4Cu5O,True
Bi1.6Pb0.4Sr2Ca2Cu3O10,True
Bi1.7Pb0.3Sr2Ca2Cu3Cs0.6O,False
Bi0.8Pb0.2Sr1Ca1Cu2O,True
Tl0.5Ba2Ca2Cu2.75Ge0.75O10,True
Tl0.78Bi0.22Sr1.6Ba0.4Ca2Cu3O9,True
Tl1.7Hg0.3Ba2Ca1Cu2O,True
Hg1Tl1Ba4Ca2Cu4O,True
Nd0.6Ca0.4Ba2Cu2.2Hg0.8O6,True
C0.5Ba2Ca3Cu4.5O,True
Tl1Ba2Ca2Cu3O9,True
Bi2Sr2Ca2Cu3O,True
Tl2Ca1Ba2Cu2O,True
Bi1.4Pb0.6Ca2Sr2Cu3O,True
Bi1.75Pb0.25Sr2Ca2Cu3O10,True
Bi1.8Pb0.3Sr2Ca2Cu3O10,True
Bi1.6Pb0.4Sr2Ca3Cu4O,True
Tl2Ba2Ca1Cu2O7,True
Bi1.7Pb0.3Sr2Ca2Cu3O10,True
Bi1.6Pb0.3W0.1Sr2Ca2Cu3O,True
Cu0.25Tl0.75Ba2Ca2Cu3O11,True
Bi1.5Pb0.2Sr2Ca2Cu2.8Cr0.2O,True
Tl2Ba2Ca1Cu2O8,True
Tl1Ba2Ca1Cu2O8,True
Bi1.6Pb0.4Sr2Ca2Cu3O,True
Tl2Ba2Ca2Cu3O,True
Hg0.8Tl1.2Ba2Ca3Cu4O,True
Bi1.5Pb0.2Sr2Ca2Cu2.8Mn0.2O,True
Bi1.6Pb0.4Sr1.8Ba0.2Ca1.99Er0.01Cu3O,True
Bi1.6Pb0.3Sb0.1Sr2Ca2Cu3O,True
Bi0.6Nd0.2Tb0.2Pb1Sr2Ca2Cu3O10,True
Bi1.6Pb0.4Sr2Ca3Cu3.98Ag0.02O,True
Bi1.8Pb0.4Sr2Ca2.2Cu3O,True
Bi1.6Pb0.4Sr2Ca3Cu3.96Ag0.04O,True
Hg1Tl2Ba4Ca4Cu6O,True
Bi1.6Pb0.4Sr2Ca3Cu3.6Ag0.4O,True
Bi1.7Pb0.3Sr2Ca2Cu3Cs0.4O,False
Bi1.6Pb0.4Sr2Ca2Cu3O,True
Tl2Ba2Ca1Cu2O8,True
Bi1.52Pb0.48Sr2Ca2Cu3O16,True
Bi1.6Pb0.4Sr2Ca2Cu3O,True
Bi1.6Pb0.4Sr2Cu2.95Mo0.05O,True
Tl2Ba2Ca1.3Cu0.7Cu3O,True
Hg0.5Pb0.5Sr2Ca2Cu3O,True
Bi2Sr2Ca2Cu3O10,True
V0.5Sr2.7Ca2.3Cu4.5O11.6,True
Tl0.25Li0.25Ba2Ca1.5Mg0.5Cu2Ni1.5O10,False
Tl2Ba2Ca1Cu2O7.958,True
Tl2Ba2Ca1Cu2O7.946,True
Bi1.8Pb0.3Sr2Ca2Cu3O10,True
Bi1.8Pb0.4Sr1.85Ca2.05Cu3O10.26,True
Hg1Ba2Ca4Cu5O,True
Bi1.8Pb0.2Sr2Ca2Cu3O,True
Hg1Ba2Ca5Cu6O14,True
Ga1Sr2Ca3Cu4O11.1,False
Pb2Bi2Sr2Ca2Cu3O8,True
Bi1.84Pb0.34Sr1.91Ca2.03Cu3O,True
Bi1.6Pb0.4Sr2Cu2.9Mo0.1O,True
Bi1.6Pb0.4Sr1.8Ba0.2Ca1.98Er0.02Cu3O,True
Hg0.5Bi0.5Sr2Ca2Cu3O8.35,True
Hg0.7Bi0.3Sr2Ca2Cu3O8.35,True
Hg1Ba2Ca2Cu3O8.22,True
Bi1.7Pb0.3Sr2Ca1.99Sm0.01Cu3O,True
Bi3.7Pb0.3Sr3Ca3Cu4O,True
Tl0.5Ba2Ca0.5Be1.5Cu2Ni1.5O10,False
Bi2Sr2Ca2Cu3O,True
Cd1Ba2Ca2Cu3O,False
Hg1Ba2Ca2Cu3O8,True
Ga1Sr2Ca3Cu4O11.,False
Cu4.5V0.5Sr2Ca1O,True
Ca2Ba2Cu3O9,True
Tl1Sr2Ca2Cu3O,True
C0.5Ba2Ca2Cu3.5O,True
Pb0.3Bi1.7Sr2Ca2Cu3O10,True
Bi1.85Pb0.35Sr2Ca2Cu3.1O,True
Bi1.8Pb0.3Sr2Ca2Cu2.94V0.06O,True
Hg1Ba2Ca5Cu6O,True
Bi1.4Pb0.5Sb0.1Sr2Ca2Cu3O10,True
Tl2Ba2Ca1Cu2O8,True
Bi1.6Pb0.4Sr2Ca2Cu3O,True
Tl2Ba2Ca1Cu2O8,True
Hg0.3La0.7Ba2Ca3Cu2Ag2O10,True
Bi1.75Pb0.25Sr2Ca1Cu2.15Sn0.15O,False
Bi1.6Pb0.4Sr1.98K0.02Ca2Cu3F0.8O0.20,True
Bi1.8Pb0.3Sr2Ca2Cu2.97V0.03O,True
Bi1.9Pb0.1Sr2Ca2Cu3O,True
Tl1.7Sr3Ca0.7Cu4.3O,True
Bi2Sr2Ca2Cu3O10,True
Bi1.7Pb0.3Sr2Ca2Cu3O10,True
Bi2Sr2Ca2Cu3O,True
Tl2Ba2Ca0.95Y0.05Cu2O8,True
Bi1.8Pb0.3Sr2Ca2Cu3O,True
Bi1.7Pb0.3Sb0.1Sr2Ca2Cu3O,True
Bi1.7Pb0.3Sb0.05Sr2Ca2Cu3O,True
Tl2Ba2Ca1.5Cu0.5Cu3O,True
Tl1Ba2Ca1.9Na0.1Cu3O9,True
Bi1Sr1Ca1Cu2O,True
Ba2Ca1Cu2F1.4O4.6,True
Bi1.5Pb0.2Sr2Ca2Cu2.8V0.2O,True
Bi1.7Sr2Ca2Cu3Pb0.3O,True
Tl0.345Pb0.805Sr1.6Ba0.4Ca2Cu3Ag0.4O,False
Tl2Ba2Ca1Cu2O8,True
Ba2Ca2Cu4O10,True
Tl5Ba5Ca2Cu6O,True
Tl2Ba2Ca1Cu1.98Fe0.02O8,True
Tl2Ca1Ba2Cu2O,True
Hg1Ba2Ca4Cu5O,True
Ba2Ca2Cu3F1.4O6.6,True
Hg0.95Mo0.05Sr2Ca2Cu3O,True
Hg0.75Mo0.05Sr2Ca2Cu3O,True
Bi1.7Pb0.3Ag0.4Sr2Ca2Cu3O,True
Bi1.6Pb0.4Sr1.8Ba0.2Ca1.97Er0.03Cu3O,True
Bi1.5Pb0.2Sr2Ca2Cu2.8Ti0.2O,True
Ba2Ca3Cu5O,True
Tl2Ba2Ca0.9Y0.1Cu2O8,True
Bi1.7Pb0.3Sb0.05Sr2Ca2Cu3O,True
Tl0.8Hg0.2Ba2Ca1.9Yb0.1Cu3O9,True
Bi2Sr2Ca2Cu3O,True
Bi1.6Pb0.4Sr1.95K0.05Ca2Cu3F0.8O0.2,True
Bi1.8Pb0.3Sr2Ca2Cu2.91V0.09O,True
Tl1Ba2Ca1.85Na0.15Cu3O9,True
Bi0.8Pb0.2Sr0.8Ca1Cu1.4O,True
Bi1.6Pb0.4Sr1.8Ba0.2Ca1.96Er0.04Cu3O,True
Bi1.6Pb0.4Sr2Ca2Cu3O10.11,True
Bi1.6Pb0.4Sr2Ca2Cu3O,True
Bi0.16Pb0.4Sr2Ca2Cu3O10.11,True
Tl0.5Pb0.5Sr2Ca0.8Y0.2Cu2O7,True
Hg1Ba2Ca7Cu8O,True
Hg1Ba2Ca9Cu10O,True
Hg1Ba2Ca8Cu9O,True
Hg1Ba2Ca15Cu16O,True
Hg1Ba2Ca13Cu14O,True
Hg1Ba2Ca14Cu15O,True
Hg1Ba2Ca10Cu11O,True
Hg1Ba2Ca11Cu12O,True
Hg1Ba2Ca1Cu2O6.14,True
Tl0.5Ni0.5Ba2Ca2Cu3O9,True
Tl2Ba2Ca1Cu2O,True
Sr15.9Ca7.6Cu17.6C3.3B2.6O53,True
Bi3Pb1Ca3Sr3Cu4O,True
Bi1.84Pb0.34Sr1.91Ca2.03Cu3.06O,True
Tl1Ba2Ca1Cu2O8,True
Ag1Ba2Ca4Cu5O13,True
Bi1Sr1Ca1Cu2O,True
Bi1.7Pb0.3Ag0.1Sr2Ca2Cu3O,True
Bi1.75Pb0.25Sr2Ca1Cu2.1Sn0.2O,False
Tl0.25Li0.25Ba2Ca1Mg1Cu2Ni1.5O10,True
Y0.2Pr0.3Ca0.5Ba2Cu3O7,True
Tl2Ba2Ca1Cu2O8,True
Hg1Ba2Ca1Cu2O6,True
Bi1.7Pb0.3Sr2Ca2Cu3O10,True
Ba2Ca3Cu4F1.2O8.8,True
Bi1.7Pb0.3Sr2Ca1.98Sm0.02Cu3O,True
Pr0.5Ca0.5Ba2Cu3O7,True
Hg1Ba2Ca2Cu3O8.2,True
Bi2Pb0.4Sr2Ca2.5Cu3.5O,True
Tl2Ba2Ca2Cu3O10,True
Tl1Ba1Sr1Ca2Cu3O9,True
Tl0.25Li0.25Ba2Ca1Be1Cu3.45Co0.05O10,True
Bi1Sr1Ca1Cu1O1,True
Bi1Pb0.3Sr1Ca1Cu2O,True
Tl1Ba2Ca1Cu2O8,True
Hg1Ba2Ca12Cu13O,True
Hg1Ba2Ca6Cu7O,True
Bi1.6Pb0.4Sr2Ca2.999Sm0.001Cu3O,True
Bi1.62Pb0.38Sr2Ca2Cu3O16,True
Bi1.6Pb0.4Sr2Ca2Cu3O9.91,True
Bi1.4Pb0.6Sr2Ca1.9Ga0.1Cu3O7,True
Bi1.8Pb0.4Sr2Ca2Cu3O10,True
Hg1Ba2Ca2Cu3O8.2,True
Bi1.8Sr2Ca2Cu3Pb0.6O,True
Bi1.9Sr2Ca2Cu3Pb0.3O,True
Bi0.8Pb0.3Sr0.8Ca1Cu1.4O,True
Tl0.5Ba2Ca2Cu3.45Co0.05O10,True
Tl0.5Ba2Ca2Cu2.5Ge1O10,True
Bi2Sr3Ca4Cu8O,True
Ba2Ca3Cu4F1O8.2,True
Tl2Ba2Ca1Cu2O8,True
Tl0.5Ba2Ca2Cu3.5O10,True
Tl0.5Ba2Ca1Be1Cu2Ni1.5O10,False
Tl1.8Ba2Ca0.85Cu2.2O8,True
Hg0.7Bi0.3Sr2Ca2Cu3O8.65,True
Bi1.6Pb0.4Sr2Ca2Cu2.95Mn0.05O,True
Bi0.16Pb0.35V0.05Sr2Ca2Cu3O10.12,True
Bi1.6Pb0.35V0.05Sr2Ca2Cu3O10.12,True
Bi1Pb1Sr2Ca2Cu3O10,True
Tl0.5Ba2Ca0.5Mg1.5Cu2Ni1.5O10,True
Bi1.6Pb0.4Sr2Ca2Cu2.99Fe0.01O,True
Tl2Ba2Ca1Cu2O,True
Tl1Ba2Ca1.8Na0.2Cu3O9,True
Tl0.5Ba2Ca2Cu3Ge0.5O10,True
Bi1.8Pb0.2Sr2Ca2Cu3O10,True
Tl1.6Ba2Ca3.3Cu4O11.89,True
Tl1Ba2Ca2Cu3O9,True
Cu3.5Sr2Ca2Cr0.5O9.55,True
Tl2Ba2Ca1Cu2O8,True
Tl2Ba2Ca0.9Ce0.1Cu1.98Fe0.02F0.2O7.9,True
Bi1.7Pb0.2W0.1Sr2Ca2Cu3O,True
Bi1.75Pb0.25Sr2Ca2Cu3O10,True
Hg0.5Pb0.5Ba2Ca2Cu3O8.45,True
Ba2Ca3Cu4F1O9.0,True
Tl2Ba2Ca0.8Ce0.2Cu2O8,False
Cd1Ba2Ca0.7Y0.3Cu2O,True
Hg0.5Pb0.5Ba2Ca2Cu3O8,True
Tl0.25Li0.25Ba2Ca0.5Mg1.5Cu2Ni1.5O10,True
Bi1.82Pb0.18Sr2Ca2Cu3O16,True
Bi1.72Pb0.28Sr2Ca2Cu3O16,True
Tl2Ba2Ca0.85Y0.15Cu2O8,True
Tl0.5Pb0.5Sr1.8Yb0.2Ca0.4Mg0.6Cu2O7,True
Bi1.6Pb0.3Te0.1Sr2Ca3Cu4O,True
Bi0.16Pb0.3V0.1Sr2Ca2Cu3O10.12,True
Tl0.85Cr0.15Sr2Ca1Cu1.9Ge0.1O7,True
Bi1.6Pb0.3Sr2Ca2Cu3V0.1O10.12,True
Tl0.5Ba2Ca1Mg1Cu2Ni1.5O10,True
Hg1Tl1Sr4Ca2Cu4O,True
Tl2Ba2Ca0.95Y0.05Cu1.96Co0.04O8,True
Bi1.6Pb0.4Sr2Ca2Cu3O10.07,True
Bi1.6Pb0.4Sr2Ca1.9995Sm0.0005Cu3O,True
Hg0.8Bi0.2Sr2Ca2Cu3O8.35,True
C0.5Ba2Ca3Cu4.5O,True
Tl0.5Pb0.5Sr1.84Nd0.16Ca1Cu2O7,True
Bi1.6Pb0.4Sr2Ca2Cu3F0.85O,True
Hg1Ba2Ca1Cu2O6.13,True
Tl1Ba2Ca0.65Y0.35Cu2O7,True
Tl2Ba2Ca1Cu2O8,True
Bi1.6Pb0.4Sr2Ca3.6O,True
Ba2Ca3Cu4F1.2O8.8,True
Bi1.6Pb0.4Sr2Cu3Ca2O10.13,True
Ba2Ca2Cu3F1.6O6.4,True
Ba2Ca4Cu6O14,True
Bi1.6Pb0.4Sr2Ca2Cu2.8Mn0.2O,False
Bi1Pb0.4Sr1Ca1Cu2O,True
Tl2Ba2Ca1Cu1.96Co0.04O8,True
Tl0.5Pb0.5Sr1.8Yb0.2Ca0.6Mg0.4Cu2O7,True
Bi0.8Pb0.1Sr0.8Ca1Cu1.4O,True
Ba2Ca3Cu4F1.2O8.2,True
Hg1Ba2Ca2Cu3O8.16,True
Tl2Ba2Ca1Cu2O,True
Tl0.5Ba2Ca1.5Mg0.5Cu2Ni1.5O10,True
Tl2Ba2Ca1Cu1.98Fe0.02F0.3O7.85,True
Bi0.8Pb0.4Sr0.8Ca1Cu1.4O,True
Tl0.85Cr0.15Sr2Ca1Cu2O7,True
Tl1Ba2Ca1.7Na0.3Cu3O9,True
Bi1.9Ge0.1Sr2Ca2Cu3O,True
Y3Ba5Cu8O18,True
Sr2.1Ca0.9Cu2O5,True
Sr3Cu2O5,True
Hg0.75Re0.25Sr2Ca2Cu3O,True
Cu0.5Tl0.5Ba2Ca1.8Pr0.2Cu3O10,True
Hg1Ba2Ca1Cu2O6.3,True
Tl1Ba2Ca4Cu5O,True
Tl2Ba2Ca1Cu2O,True
Hg1Ba2Ca5Cu6O14,True
Tl0.5Ba2Ca1.5Be0.5Cu2Ni1.5O10,True
Tl0.5Ba2Ca0.5Mg1.5Cu2Ni1.5O10,True
Cu4Ba2Ca2O8,True
Ca0.285Sr0.665Cu1O2,True
Hg1Ba2Ca4Cu5O12,True
Tl0.5V0.5Sr2Ca0.8Y0.2Cu2O,False
Hg0.67Tl1.33Ba2Ca1Cu2O8,True
Hg0.7Pb0.3Sr2Ca0.7Y0.3Cu2O,True
Hg0.4Au0.6Ba2Ca2Cu3O,False
Hg1Ba2Ca4Cu5O,True
Nd0.2Pr0.3Ca0.5Ba2Cu3O7,True
Bi1.6Pb0.4Sr2Ca2Cu3F0.65O,True
Tl1Ba2Ca0.8Nd0.2Cu2O6.86,True
Bi1.6Pb0.4Sr2Ca3Cu4O10,True
Tl0.5Ba2Ca1.5Mg0.5Cu1Zn2.5O10,False
Hg0.75Re0.22Ba2Ca5Cu6O,False
Bi1.6Pb0.4Sr2Ca2.995Sm0.005Cu3O,True
Cu0.5S0.5Sr2Ca2Cu3O12,True
Tl0.5Ba2Ca2Mg2Cu5.5O14,True
Ca1.3Sr2.7Cu3C0.55B4.5O3,False
Tl2Ba2Ca0.9Ce0.1Cu2O8,True
La0.2Pr0.3Ca0.5Ba2Cu3O7,True
Ga1Sr2Ca3Cu4O10.9,False
Hg0.5Au0.5Ba2Ca2Cu3O,True
Hg0.5Tl0.5Ba2Ca0.86Sr0.14Cu2O6,True
Bi1.66Pb0.34Sr2Ca2Cu3O10,True
Tl0.5Ba2Ca1Mg1Cu2Ni1.5O10,True
Tl0.5Ba2Ca1.5Mg0.5Cu2Ni1.5O10,True
Tl1Ba2Ca1.6Na0.4Cu3O9,True
Tl0.5Pb0.5Sr2Ca0.9Y0.1Cu2O7,True
Dy0.35Ba0.65Cu1O3,True
Tl0.25Li0.25Ba2Ca2Cu2.25Si1.25O7.719,True
C0.3Ba2Ca4Cu5.7O12.8,True
Bi1.9Sb0.1Sr2Ca2Cu3O,True
Bi1.75Pb0.25Sr2Ca1Cu1.9Sn0.4O,False
Tl2Ba2Ca0.9Ce0.1Cu1.98Fe0.02O8,True
Sr0.7Ca0.3Cu1O2,True
Y1Ba1.925La0.075Cu3O6.9,True
Y1Ba1.95La0.05Cu3O6.9,True
Bi2Sr2Ca1Cu2O8,True
Sr2Ca1Cu2F2O4.6,True
Y1Ba1.975La0.025Cu3O6.95,True
Nd1Ba2Cu3O,True
Nd1.05Ba1.95Cu3O,True
Bi1.6Pb0.4Sr2Ca2Cu2.99Zn0.01O,True
Cu0.75Ag0.25Ba2Ca3Cu4O,True
Bi1.6Pb0.4Sr2Cu2.85Mo0.15O,True
Tl1.9Sm0.1Ba2Cu1FO,True
Tl0.5Pb0.5Sr1.8Yb0.2Ca1Cu2O7,True
Bi1.6Pb0.4Sr2Cu2.8Mo0.2O,True
Nd1.1Ba1.9Cu3O,True
Hg1Ba2Cu1O4,True
Hg1Ba2Ca4Cu5O,True
Cu4.5V0.5Sr2Ca1O,True
Hg1Ba2Cu1O4.12,True
Hg1Ba2Cu1O4.081,True
Sr0.6Ca0.333Cu1O2.2,True
Bi1.4Pb0.7Sr2Ca0.97Y0.03Cu2O8,True
Sm0.2Pr0.3Ca0.5Ba2Cu3O7,True
Hg1Ba2Ca2Cu3O8.17,True
Tl0.5Pb0.5Ba0.1Sr1.9Ca0.8Gd0.2Cu2O,True
Tl0.5Ba2Ca0.5Mg1.5Cu3.5O10,True
Cu1Cr0.9Fe0.1O2,False
Bi2Sr2Ca1Cu2O8,True
Sr1.4Ba0.6Cu1O3.4,True
Hg1Ba2Cu1O4.09,True
Tl0.23Ca0.92Sr1.6Ba0.4Ca2Cu3Ag0.4O,True
Hg1Ba2Ca1Cu2O6.31,True
Tl1Ba0.8Sr1.2Ca2Cu3O9,True
Cu3.5V0.5Sr2Ca1O,True
Pr0.5Ca0.5Ba2Cu3O7,True
V0.5Sr2.25Ca1.75Cu3.5O9.7,True
Hg0.7Cr0.3Sr2Ca2Cu3O,True
Tl2Ba2Ca1Cu2O8,True
Tl0.8Hg0.2Ba2Ca1.9Sm0.1Cu3O9,True
Tl2Ba2Ca0.9Y0.1Cu1.96Co0.04O8,True
Bi1.6Pb0.4Sr2Ca2Cu2.7Mn0.3O,True
Tl1Ba2Ca0.8Y0.2Cu2O7,True
Bi1.4Pb0.8Sr2Ca1Cu2O8,True
Nd1.25Ba1.75Cu3O,True
Hg1Ba2Cu1O4.162,True
Hg1Ba2Cu1O4.15,True
Bi1.6Pb0.4Sr2Ca1.999Sm0.001Cu3O,True
Bi1.6Pb0.4Sr2Ca2Cu2.95Zn0.05O,True
Bi1.9Pr0.1Sr2Ca2Cu3O,True
Hg1Ba2Cu1O4,True
Hg1Ba2Cu1FO4,True
Tl1Ba1Sr1Ca2Cu3O9,True
Hg0.8Ba2Cu1.2O4,True
Hg0.95Re0.05Ba2Cu1O4.372,True
Hg1Ba2Cu1O4.18,True
Hg1Ba2Cu1O4.22,True
Hg1Ba2Cu1O4.13,True
Bi1.7Pb0.3Ag0.2Sr2Ca2Cu3O,True
Y1Ba2Cu3O,True
Bi1.6Pb0.4Sr2Ca2Cu3O10.15,True
Y1Ba2Cu3O6.69,True
Ba2Ca3Cu4F1.4O8.2,True
Tl0.5Ba2Ca2Cu2Ni1.5O10,False
Hg1Ba2Cu1O4.23,True
Y1Ba2Cu3O6.94,True
Hg1Ba2Cu1O4.09,True
Bi2Sr2Ca1Cu2O,True
Y2Ba3Cu5O,True
Y0.33Ba0.67Cu3O,True
Bi1.6Pb0.4Sr2Cu2.7Mo0.3O,True
Bi1.6Pb0.4Sr2Cu2.75Mo0.25O,True
Hg1Ba2Cu1O4.15,True
Tl0.5Pb0.5Sr1.8Yb0.2Ca0.8Mg0.2Cu2O7,True
Hg0.9Re0.1Ba2Cu1O4.425,True
Y1Ba2Cu2.97P0.03O7,True
Hg1Ba2Cu1O4.18,True
Hg0.92Ba2.05Cu1.03O4.062,True
Tl0.5Ba2Ca1.5Mg0.5Cu3.5O10,True
Tl0.5Ba2Ca1Mg1Cu3.5O10,True
Gd1Ba2Cu3O,True
Tl1Ba2Ca0.8Nd0.2Cu2O7,True
Hg0.85Re0.15Ba2Cu1O4.525,True
Hg0.85Re0.15Ba2Cu1O4.53,True
Eu1Ba2Cu3O,True
Gd1Ba2Cu3O7,True
Yb1Ba2Cu3O7,True
Nd1.2Ba1.8Cu3O,True
Y1Ba1.9La0.1Cu3O,True
Y1Ba1.9La0.1Cu3O7,True
Hg0.9Ce0.1Ba2Cu1O4,True
Hg0.8Pb0.2Ba2Cu1O4,True
Bi2Sr2.1Y0.1Ca0.8Cu2O8.26,True
Hg0.9Ba2Cu1.05O4,True
Hg0.9Ba2Cu1O4,True
Hg1Ba2Cu0.99Co0.01O4,True
Bi1.7Pb0.3Ag0.3Sr2Ca2Cu3O,True
Hg0.8V0.2Ba2Cu1O4.3,True
Tl0.805Pb0.345Sr1.6Ba0.4Ca2Cu3Ag0.4O,True
Bi1.7Pb0.3Sr2Ca1Cu2O,True
Hg1Ba2Cu1O4.09,True
Gd1Ba2Cu3O7,True
Y1Ba1.9Cu3O,True
Sm1Ba2Cu3O7,True
Hg1Ba2Cu0.99Ni0.01O4,True
Hg1Ba2Cu0.98Fe0.02O4,True
Bi1.6Pb0.4Sr2Ca0.95Y0.05Cu2O8,True
Tl0.5Ba2Ca1Mg1Cu3.45Co0.05O10,True
Nd1Ba2Cu3O7,True
Eu0.2Pr0.3Ca0.5Ba2Cu3O7,True
Gd0.2Pr0.3Ca0.5Ba2Cu3O7,True
Y0.8Ba2Cu3O6.44,True
Hg0.7Mo0.3Sr2Ca0.7Y0.3Cu2O,False
Hg1Ba2Cu1FO4,True
Hg1Ba2Cu1O4,True
Y1Ba2.2Cu3O,True
Hg1Ba2Cu1O4.08,True
Bi1.6Pb0.4Sr2Ca1Cu2O8,True
Bi2Sr2Ca0.92Y0.08Cu2O8,True
Y1Ba2.1Cu3O,True
Hg0.95Re0.05Ba2Cu1O4.37,True
Hg1Ba2Cu0.98Co0.02O4,True
Bi1.8Pb0.2Sr2Ca2Cu3O,True
Hg1Ba2Cu0.99Fe0.01O4,True
Y1.1Ba2Cu3O6.87,True
Nd1Ba2Cu3O7,True
Tl1Ba2Ca0.6Y0.4Cu2O7,True
Hg0.8Ba2Cu1.05O4,True
Eu1Ba2Cu3O7,True
Gd1Ba2Cu3O7,True
Nd1Ba2Cu3O7,True
Hg1Ba2Cu1O4.096,True
Nd1Ba2Cu3O7,True
Hg0.85Ba2Cu1.15O4,True
Gd1Ba2Cu3O7,True
Hg0.85Ba2Cu1.05O4,True
Y0.3Ba0.7Cu1O3,True
Y1Ba2Cu3O7,True
Bi1.9In0.1Sr2Ca2Cu3O,True
Bi1.6Pb0.4Sr2Ca2Cu2.5Mn0.5O,True
Ba2Ca2Cu3F1.6O6.2,True
Sm1Ba2Cu3O7,True
Tl1Ba2Ca0.7Nd0.3Cu2O7,True
Tl0.5Ba2Ca2Cu3.5O10,True
Hg0.8Ba2Cu1.2O4,True
Hg1Ba2Cu1O4.097,True
Hg0.9Ba2Cu1.1O4,True
Nd1Ba2Cu3O7.16,True
Nd0.33Sm0.33Eu0.33Ba2Cu3O,True
Bi2Sr2.08Ca0.92Cu2O8,True
Eu1Ba2Cu3O7,True
Y1Ba2Cu3O6.87,True
Y1Ba2Cu3O6.91,True
Hg0.95Ba2Cu1.05O4,True
Sm1Ba2Cu3O7,True
Eu1Ba2Cu3H0.09O,True
Dy1Ba2Cu3O7,True
Nd1Ba2Cu3O7,True
Hg1Ba2Cu1O4,True
Y1Ba2Cu3O6.94,True
Tl1Ba2Cu1O5,True
Bi2Ba1.8Pb0.2Cu1O6,True
Bi1.8Sr2Ca2Cu3O,True
Tl2Ba2Ca1Cu2O7.978,True
Nd1Ba2Cu3O6.82,True
Ho1Ba2Cu3O7,True
Hg1Ba2Cu1O4,True
Bi1.55Pb0.45Sr2Dy0.2Ca0.8Cu2O8,True
Bi2Sr2Ca1Cu2O8,True
Sr2Ca3Cu4F3.8O8,True
Bi2Sr2Ca1Cu2O,True
Hg1Ba2Cu1O4.18,True
Ba2Ca4Cu6O12,True
Nd1Ba2Cu3O7,True
Bi1.7Sr1.3Ca2Cu3O,True
Tl0.5Ba2Ca1.3Be0.7Cu3.5O7.886,False
Hg1Ba2Cu0.97Ni0.03O4,True
Y1Ba1.9La0.1Cu3O6.9,True
Y1Ba1.48Sr0.52Cu3O7,True
Bi2Sr2Ca2Cu4O11,True
Hg1Ba2Cu1O4.19,True
Hg1Ba2Cu1O4.047,True
Eu1Ba2Cu3O7,True
Hg0.7V0.3Ba2Cu1O4.6,True
Hg1Ba2Cu0.97Fe0.03O4,True
Hg0.5Bi0.5Sr2Ca0.65Pr0.35Cu2O,True
Hg0.9Re0.1Ba2Cu1O4.42,True
Y1Ba2Cu3O7,True
Y1Ba2Cu3O6.9,True
Bi2Ba1.8Ru0.2Cu1O6,True
Sm1Ba2Cu3O6.95,True
Hg0.8Cr0.2Ba2Ca2Cu3O8.1,True
Sm0.5Eu0.5Ba2Cu3O7,True
Bi2Ba1.8In1.2Cu1O6,False
Tl1Ba0.8Sr1.2Ca2Cu3O9,True
Bi2Sr1.5Ca1.5Cu2O,True
Sr2Cu1O3.4,True
Hg1Ba2Ca3Cu4O,True
Eu1Ba2Cu3O7.1,True
Gd1Ba2Cu3O7,True
Eu1Ba2Cu3O,True
Hg0.85Re0.15Ba2Cu1O4.52,True
Y2Ba4Cu7O14,True
Eu1Ba2Cu3O6.97,True
Gd1Ba2Cu3O7,True
Gd1Ba1.8Sr0.2Cu3O,True
Y1Ba2Cu3H0.2O6.98,True
Nd1Ba2Cu2.99Zn0.01O7,True
Er1Ba2Cu3O6.87,True
Y0.975Ca0.025Ba2Cu2.975Al0.025O6.89,True
Hg0.8Ba2Cu1O4,True
Eu1Ba2Cu3O7,True
Y1.2Ba0.8Cu1O4,True
Y1Ba2.95La0.05Cu3O7,True
Hg0.9Re0.1Ba2Cu1O4.41,True
Bi1.3Pb0.5W0.2Sr2Ca2Cu3O,True
Gd1Ba2Cu3O7,True
Y0.19Ba1.99Cu2.85O7,True
Nd1Ba2Cu3O7,True
Hg0.85Ba2Cu1.1O4,True
Tl0.5Ba2Ca2Cu2.5Cd1O10,False
Y1Ba2Cu2.955Co0.045O7,True
Nd1Ba2Cu3O7,True
Tm0.3Ba0.7Cu1O,True
Y1Ba2Cu2.95Co0.05O6.92,True
Y1Ba2Cu3O7,True
Hg0.8Ba2Cu1.1O4,True
Y0.98Ba1.993Ca0.026Cu3.5O7.5,True
Bi1.6Pb0.4Sr2Ca2Cu2.9Fe0.1O,True
Y1Ba2.92La0.08Cu3O7,True
Bi2Sr2.4Ca0.6Cu2O8,True
Nd1Ba2Cu3O7,True
Gd1Ba2Cu3O6.98,True
Gd1Ba2Cu3O7,True
Y2Ba4Cu7O14,True
Bi8Sr8Ca4Cu9O34.16,True
Sm1Ba2Cu3O,True
Tl2Ba2Ca1Cu1.92Co0.08O8,True
Hg1Ba2Cu1O4.2,True
Bi1.8Sr2Ca1Cu2Li0.4O,True
Hg1Ba2Cu1O4.1,True
Nd0.33Eu0.33Gd0.33Ba2Cu3O,True
Y1Ba2Cu3O6.9,True
Hg0.8Ba2Cu1.2O4,True
Bi2.1Sr1.7Ca1.1Cu2O,True
Bi2Sr1.9Y0.1Ca1Cu2O8.24,True
Hg1Ba2Cu1O4,True
Nd1Ba2Cu3O7,True
Dy1Ba2Cu3O7,True
Bi1.8Pb0.2Sr2Ca2In0.05Cu3O,True
Nd1.15Ba1.85Cu3O,True
Y0.8Ba1.2Cu1O,True
Gd1Ba2Cu3O7,True
Hg1Ba2Cu0.99Mg0.01O4,True
Y1Ba2Cu3O,True
Sm1Ba2Cu3O6.944,True
Gd1Ba2Cu3O6.99,True
Eu1Ba2Cu3O,True
Y1Ba2.98La0.02Cu3O7,True
Hg0.5Bi0.5Sr2Ca0.65Nd0.35Cu2O,True
La0.5Pr0.5Ba2Cu3O,True
Eu1Ba2Cu3O6.88,True
Eu1Ba2Cu3O6.82,True
Dy1Ba2Cu3O6.75,True
Hg0.95Ce0.05Ba2Cu1O4,True
Bi2Sr1.9Ca1Cu2O8,True
Tl0.6Sr2Ca2Cu3.4O,True
Ho0.4Ba0.6Cu1O3,True
Hg1Ba2Cu1O4.18,True
Y1Ba2Cu3O7,True
Eu1Ba2Cu3O6.9,True
Hg1Ba2Cu1O4.08,True
Nd1Ba2Cu3O6.76,True
Y1Ba1.8Cu3O,True
Hg1Ba2Ca2Cu3O8.18,True
Hg1Ba2Ca2Cu3O8.17,True
Hg0.8Ce0.2Ba2Cu1O4,False
Bi1.55Pb0.45Sr2Er0.2Ca0.8Cu2O8,True
Y1Ba2Cu2.85Ti0.15O,True
Hg1Ba2Cu0.97Co0.03O4,True
Bi3Pb1Sr3Ca3Cu4O,True
Hg1Ba2Cu0.98Ni0.02O4,True
Bi1.6Pb0.4Sr2Ca0.9Y0.1Cu2O8,True
Bi1.3Pb0.9Sr2Ca1Cu2O8,True
Bi1.55Pb0.45Sr2Ho0.2Ca0.8Cu2O8,True
Y1Ba1.94La0.06Cu3O6.96,True
Y1Ba1.92La0.08Cu3O6.96,True
Bi1.55Pb0.45Sr2Tb0.2Ca0.8Cu2O8,True
Hg0.7Ce0.3Ba2Cu1O4,False
Er0.97Pr0.03Ba2Cu3O7,True
Y1Ba2Cu3O6.8,True
Eu1Ba2Cu3O,True
Y1Ba1.9La0.1Cu3O6.975,True
Eu1Ba2Cu3O,True
Hg0.92Ba2.05Cu1.03O4.05,True
Y0.2Eu0.8Ba2Cu3O7,True
Y1Ba2Cu3H0.38O7,True
Nd1Ba2Cu3O7,True
Eu1Ba2Cu3O7,True
Hg0.9Re0.1Ba2Cu1O4.42,True
Y1Ba2Cu3O6.9,True
Y1Ba1.95La0.05Cu3O6.96,True
Gd1Ba2Cu3O7.08,True
Y1Ba1.7Cs0.3Cu3O6.6,True
Bi1.6Pb0.4Sr2Ca2Cu2.95Fe0.05O,True
Hg0.85Re0.15Ba2Cu1O4.55,True
Bi2Sr2Ca1Cu2O8,True
Y1Ba2.95Nd0.05Cu3O7,True
Hg0.85Re0.15Ba2Cu1O4.49,True
Y0.95La0.05Ba2Cu3O6.58,True
Y1Ba2Cu3H0.48O7,True
Bi2Sr2.65Ca0.35Cu2O8,True
Tl1Ba2Ca0.8Gd0.2Cu2O7,True
Y1Ba2Cu3H0.49O7,True
Y1Ba2Cu3O6.9,True
Nd1Ba2Cu3O,True
Gd1Ba2Cu3O,True
Eu1Ba2Cu3O6.94,True
Y1Ba1.89La0.11Cu3O6.96,True
Y1Ba1.96La0.04Cu3O6.96,True
Gd1Ba2Cu3O7,True
Er1Ba2Cu3O7,True
Nd1Ba2Cu3O7,True
Y1Ba2Cu3O6.94,True
Gd1Ba2Cu3O7,True
Y1Ba1.9La0.1Cu3O6.96,True
Ho1Ba2Cu3O7,True
Sm1Ba2Cu3O7.11,True
Y1Ba2.92Nd0.08Cu3O7,True
Y0.961Ba1.987Ca0.052Cu3.5O7.5,True
Bi1.8Pb0.2Sr2Ca2In0.1Cu3O,True
Y1Ba2Cu2.4Ti0.6O,True
Y1Ba2Cu3S0.05O7,True
Y1Ba2Cu3O6.87,True
Bi2Sr1.37Ca1.31Cu2.22O8,True
Y1Ba2Cu3O6.93,True
Y1Ba2Cu3O,True
Bi4Ca3Sr3Cu4O16,True
Bi1.6Pb0.4Sr2Ca2.99Sm0.01Cu3O,True
Y1Ba2Cu3O6.95,True
Y1Ba2Cu3O7,True
Y1Ba2Cu3H0.19O7,True
Nd1Ba2Cu3O7,True
Y1Ba2Cu3H0.13O7,True
Y1Ba1.9Cs0.1Cu3O6.65,True
Gd1Ba2Cu3O,True
Hg1Ba2Cu1O4.101,True
Y1Ba2Cu3O6.72,True
Y1Ba2Cu3O7,True
Y1Ba2Cu2.98Co0.02O6.9,True
Y1Ba2Cu3O6.95,True
Hg0.92Ba2.05Cu1.03O4.063,True
Y1Ba2Cu3F0.066O,True
Y0.9Ba2Cu3O6.58,True
Y1.2Ba2Cu3O6.98,True
Y1Ba2Cu2.98Fe0.02O7,True
Nd1Ba2Cu3O7,True
Y1Ba1.9Rb0.1Cu3O6.52,False
C0.3Ba2Ca4Cu5.7O12.965,True
Y1Ba1.97Cu2.55Au0.13O,True
Y1Ba2.88La0.12Cu3O7,True
Nd1Ba2Cu3O7,True
Y1Ba2.98Pr0.02Cu3O7,True
Y1Ba1.8Cs0.2Cu3O6.58,True
Bi1.6Pb0.4Sr2Ca1.995Sm0.005Cu3O,True
Y2La0.15Ba3.85Cu6O13.99,True
Y1Ba1.97La0.03Cu3O6.96,True
Hg0.8Ba2Cu1.15O4,True
Y1Ba2.85Nd0.15Cu3O7,True
Y1Ba2Cu3O6.87,True
Y1Ba2Cu3O6.93,True
Y1Ba2Cu3O6.19,True
Y1Ba2Cu3H1O7,True
Hg1Ba2Cu1O4.18,True
Y1Ba2.88Nd0.12Cu3O7,True
Y1Ba2Cu3O4.86,True
Y0.5Cd0.5Ba2Cu3O7,True
Y1Ba2Cu3O6.95,True
Tm0.35Ba0.65Cu1O,True
Y1Ba1.88La0.12Cu3O6.96,True
Tm0.25Ba0.75Cu1O,True
Y1Ba2Cu3O7,True
Nd0.33Sm0.33Gd0.33Ba2Cu3O,True
Y1Ba2Cu3O6.93,True
Sm0.35Ba0.65Cu1O3,True
Y1Ba2Cu3O6.91,True
Sm1Ba2Cu3O7,True
Er1Ba2Cu3O7,True
Gd0.97Pr0.03Ba2Cu3O7,True
Y2Ba4Cu7O14.97,True
Sm0.33Eu0.33Gd0.33Ba2Cu3O,True
Bi2Sr2Ca1Cu2O8,True
Y1Ba2Cu3O7,True
Bi1.6Pb0.4Sr2Ca2Cu2.93Zn0.07O,True
Y1Ba2Cu3O6.95,True
Y2La0.2Ba3.8Cu6O13.92,True
Er1Ba2Cu3O7,True
La1Ba2Cu3O6.85,True
Bi2Sr2Ca0.9Dy0.1Cu2O8,True
Bi2Sr2Ca1Cu1.2K0.8O8,True
Nd1Ba2Cu3O,True
Y1Ba1.9La0.1Cu3O6.92,True
Y0.4Gd0.6Ba2Cu3O,True
Y1Ba1.9Nd0.1Cu3O,True
Y1Ba2Cu3O6.94,True
Y1Ba2Cu3O6.9,True
Y1Ba2Cu2.961Co0.039O7,True
Bi1.6Pb0.4Sr2Ca2Cu3.8O,True
Er1Ba2Cu3O6.85,True
Tm0.4Ba0.6Cu1O3,True
Bi2Sr2Ca1Cu2O8,True
Hg1Ba2Cu1O4,True
Er0.4Ba0.6Cu1O3,True
Y1Ba1.75Nd0.25Cu3O,True
La1Ba2Cu3O7,True
Y1Ba2Cu3O6.7,True
Y1Ba2Cu3O6.82,True
Y1Ba2Cu3O8,True
Bi1.6Pb0.3Sb0.1Sr2Ca2Cu3O,True
Y1Ba2Cu3O,True
Y2Ba4Cu7O15,True
Y1Ba1.8K0.2Cu3O6.57,True
Eu1Ba2Cu3O,True
Tl1Ba2Ca1Cu2O7,True
Hg0.5Bi0.5Sr2Ca0.65Y0.35Cu2O,True
Bi2.15Sr1.8Ca1Cu2O8.15,True
Tl1Sr2Ca0.2Y0.8Cu2O6.97,True
Y1Ba2Cu3O6.93,True
Y1Ba2Cu3O6.91,True
Y0.2Gd0.8Ba2Cu3O,True
Bi1.65Pb0.35Sr2Ca2Cu3O10,True
Bi1.2Pb0.8Sr2Ca1Cu2O8,True
Y2Ba4Cu6O13.9,True
Y0.7Gd0.3Ba2Cu3O,True
Bi1.6Pb0.4Sr2Ca2Cu3O,True
Bi2Sr2Ca1Cu1.3K0.7O8,True
Y1Ba2Cu3.85O6.85,True
Y1Ba2Cu3O6.95,True
Bi1.55Pb0.45Sr2Gd0.2Ca0.8Cu2O8,True
Gd1Ba2Cu3O,True
Bi2Sr2Ca1Cu2O,True
Y1Ba2Cu2.99C0.01O,True
Hg1Ba2Ca1Cu2O6.1,True
Bi1.8Pb0.2Sr2Ca2In0.25Cu3O,True
Bi2Sr1.8Y0.1Ca1.1Cu2O8.23,True
Gd1Ba2Cu3O7,True
Nd1Ba2Cu3O6.84,True
Bi0.8Pb0.2Sb0.05Sr1Ca1Cu2O,True
Hg0.85Ba2Cu1O4,True
Tl0.5Ba2Ca2Cu3Cd0.5O10,True
Y1Ba2Cu3O9,True
Gd1.1Ba1.9Cu3O7,True
Y1Ba2Cu3O7,True
Ga1Sr2Ca3Cu4O10.8,False
Sm1Ba2Cu3O7,True
Bi2Sr2Ca2Cu3Zn0.009C0.288H0.144N0.72O,False
Y1Ba2Cu3O6.94,True
Gd1Ba2Cu3O6.89,True
Nd1Ba2Cu3O7,True
Ho1Ba2Cu3O6.71,True
Y1Ba2Cu3O7,True
Y1Ba2Cu3O,True
Y1Ba1.9La0.1Cu3O6.73,True
Y1Ba1.7K0.3Cu3O6.54,True
Y1Ba2Cu3O7,True
Y1Ba2Cu3O7,True
Nd1Ba2Cu3O7,True
Y0.99Ba1.997Ca0.013Cu3.5O7.5,True
Yb1Ba2Cu3O6.9,True
Bi2Sr2Ca0.75Y0.25Cu2O8,True
Y1Ba2Cu3O6.95,True
Y1Ba2Cu3H0.06O6.91,True
Y0.7Cd0.3Ba2Cu3O7,True
Eu1Ba2Cu3H0.24O,False
Y1Ba2Cu3O,True
Gd1Ba2Cu3O,True
Sm1Ba2Cu3O6.85,True
Y2Ba4Cu7O15.1,True
Bi2Sr2Ca1Cu2O8.16,True
Y0.8Cd0.2Ba2Cu3O7,True
Y1Ba2Cu3O6.95,True
Bi2Sr2Ca1Cu2O8.19,True
Dy1Ba2Cu3O6.82,True
Ho1Ba2Cu3O7,True
Y1Ba1.9K0.1Cu3O6.61,True
Gd1Ba2Cu3O,True
Gd1Ba2Cu3O7,True
Y1Ba2.95Pr0.05Cu3O7,True
Y1Ba2Cu3O7,True
Bi2Sr2Ca1Cu2O8.16,True
Gd1Ba2Cu3O7,True
Y1Ba1.98La0.02Cu3O6.96,True
Y1Ba2Cu3O6.93,True
Y1Ba1.92La0.08Cu3O6.965,True
Sm1Ba2Cu3O7,True
Y0.6Eu0.4Ba2Cu3O7,True
Y1Ba2Cu3O6.94,True
Y1Ba2Cu3O6.9,True
Y1Ba2Cu3O7,True
Tl2Ba2Ca0.95Y0.05Cu1.92Co0.08O8,True
Bi2Sr2Ca0.8Y0.2Cu2O8.27,True
Bi2Sr2Ca1Cu1.988Ni0.012O8,True
Y1Ba2Cu3O6.9,True
Er1Ba2Cu3O7,True
Y1Ba2Cu3F0.05O,True
Hg1Ba2Cu1O4.103,True
Tl2Ba2Cu1O6.1,True
Y1Ba2Cu2.7Ti0.3O,True
Bi2Sr2Ca0.8Lu0.2Cu2O8.27,True
Y1Ba2Cu3O7,True
Gd1.5Ba1.5Cu3O,True
Y1Ba2Cu3H0.14O7,True
Y1Ba2Cu2.55Ti0.45O,True
Bi1.3Pb0.5Sb0.2Sr2Ca2Cu3O,True
Y1Ba1.95Nd0.05Cu3O,True
Y1Ba2Cu3O6.95,True
Dy1Ba2Cu3O7,True
Er1Ba2Cu3O,True
Tm1Ba2Cu3O6.65,True
Y1Ba2Cu3O6.94,True
Hg1Ba2Cu1O4,True
Y0.95Cs0.05Ba2Cu3O6.61,True
Y1Ba2Cu3O7,True
Y1Ba2Cu2.985Mn0.015O,True
Tl2Ba2Cu1O6.1,True
Er1Ba2Cu3O,True
Y1Ba2Cu3O6.92,True
Gd1Ba1.6Sr0.4Cu3O,True
Er1Ba2Cu3O6.82,True
Y0.9Rb0.1Ba2Cu3O6.42,False
Y1Ba2Cu3O,True
Y1Ba2Cu3O6.95,True
Y1Ba2Cu3O6.906,True
Lu1Ba2Cu3O7,True
Ho1Ba2Cu3O,True
Bi2Sr2Ca1Cu2O8,True
Y1Ba2Cu3O7,True
Y0.9La0.1Ba2Cu3O6.62,True
Sm1Ba2Cu3O,True
Dy1Ba2Cu3O6.9,True
Y1Ba2Cu2.94Zr0.06O6.81,True
Y1Ba2Cu3O6.75,True
Y1Ba2Cu3O7,True
Y1Ba2Cu2.85Au0.15O,False
Ho1Ba2Cu3O6.87,True
Y1.2Ba1.8Cu3O6.68,True
Hg1Ba2Cu1O,True
Y1Ba2Cu3O6.96,True
Y1Ba2Cu3O6.99,True
Y0.925Ba1.975Ca0.1Cu4O8,True
Bi2Sr2Ca1Cu2O8.272,True
Y1Ba2Cu3O6.98,True
Y1Ba2Cu3O6.92,True
Nd1Ba2Cu3O7,True
Y1Ba2Cu3O6.95,True
Y0.98Pr0.02Ba2Cu3O7,True
Y1Ba2Cu3O7,True
Y1Ba2Cu2.95Co0.05O,True
Y1Ba2Cu3O6.96,True
Bi2Sr2Ca1Cu2O8,True
Er1Ba2Cu3O7,True
Y1Ba2Cu3O6.962,True
Y1Ba2Cu3F0.066O,True
Y1Ba2Cu2.97Mn0.03O,True
Eu1Ba2Cu3O7,True
Y1Ba2Cu3O7,True
Y1Ba2Cu3O7,True
Hg0.92Ba2.05Cu1.03O4.058,True
Y1Ba2Cu3O7,True
Tm1Ba2Cu3O7,True
Y1Ba2Cu3F0.033O,True
Tl2Ba2Cu1O6,True
Y1Ba1.99La0.01Cu3O6.96,True
Dy1Ba2Cu3O,True
Bi2Sr2Ca0.8Yb0.2Cu2O8.26,True
Y1Ba2Cu3O6.89,True
Y1Ba2Cu3O6.962,True
Ho1Ba2Cu3O7,True
Y0.88Tb0.12Ba2Cu3O7,True
Y0.95Rb0.05Ba2Cu3O6.59,True
Y0.9K0.1Ba2Cu3O6.51,True
Y1Ba2Cu3O7,True
Y0.92Tb0.08Ba2Cu3O7,True
Y0.96Tb0.04Ba2Cu3O7,True
Hg1Ba2Ca1Cu2O6.1,True
Y1Ba2Cu2.925Co0.075O6.97,True
Y1Re0.05Ba2Cu2.95O7.04,True
Hg1Ba2Cu1O4.1,True
Bi2Sr2Ca1Cu2O,True
Y1Ba2Cu3O6.92,True
Tl1Sr2Ca0.3Y0.7Cu2O6.97,True
Y1Ba2Cu3O6.94,True
Y1Ba2Cu3O7.1,True
Tl0.5Pb0.5Sr2Ca0.65Y0.35Cu2O7,True
Tl1Sr2Ca0.4Y0.6Cu2O6.93,True
Y1Ba2Cu3S0.001O7,True
Y1Ba2Cu3H1.4O6.98,True
Y0.95Ca0.05Ba2Cu2.95Al0.05O6.88,True
Dy1Ba2Cu3O,True
Y1Re0.05Ba2Cu2.95O7.02,True
Y1.2Ba1.8Cu2O7,True
Bi1.8Pb0.2Sr2Ca1Cu2O8,True
Y1Ba2Cu3O6.9,True
Y1Ba2Cu3O6.1,True
Y1Ba2Cu3Se0.5O,True
Bi2Sr2Ca0.9Tb0.1Cu2O,True
Y1Ba2Cu2.97Co0.03O6.96,True
Bi2Sr2Ca1Cu2O8.194,True
La1Ba2Cu3O7,True
Y1Ba2Cu3O6.6,True
Y0.2Gd0.8Ba2Cu3O7,True
Y0.4Gd0.6Ba2Cu3O7,True
Y0.5Sm0.5Ba2Cu3O7,True
Hg1Ba2Ca1Cu2O6.08,True
Tl1Sr2Ca0.5Y0.5Cu2O6.89,True
Y1Ba2Cu3O6.91,True
Er1Ba2Cu3O6.91,True
Y1Ba2Cu3O,True
Y0.96Pr0.04Ba2Cu3O7,True
Er0.5Ba0.5Cu1O,False
Hg1Ba2Cu1O4,True
Y1Ba1.8Nd0.2Cu3O,True
Tl0.8Sr2Ca2Cu3.2O,True
Y0.6Gd0.4Ba2Cu3O7,True
Y0.8Gd0.2Ba2Cu3O7,True
Hg1Ba2Cu1O4.085,True
Y1Ba2Cu3O6.85,True
Y1Ba1.85Nd0.15Cu3O,True
Y1Ba2Cu3O6.95,True
Y2Ba4Cu7O15,True
Bi2Sr2Ca0.8Y0.2Cu2O8.26,True
Y1Ba2Cu3O6.98,True
Tl1Ba2Ca1Cu2O7,True
Eu1Ba2Cu3O6.5,True
Y1Ba2Cu3O4,True
Y1Ba2Cu3O6.93,True
Y1Ba2Cu3Br0.9O6.2,False
Tm1Ba2Cu3O,False
Er1Ba2Cu3O7,True
Sm1Ba2Cu3O7,True
Y1Ba2Cu3O7,True
Bi1.6V0.4Sr2Ca2Cu3O10,True
Gd1Ba2Cu3O6.9,True
Y1Ba1Sr1Cu3O6.9,True
Dy1Ba2Cu3O7,True
Bi2Sr2Ca1Cu2O8.25,True
Hg0.8Ba2Cu1.2O4,True
Y1Ba2Cu3FeO7,False
Y1Ba2Cu3O6.83,True
Ca0.9Sr2.1Cu2C0.75O,True
Y1Ba2Cu3O6.88,True
Tl0.5Ba2Ca2Cu2Cd1.5O10,True
Y1Ba2Cu3O6.8,True
Tl2Ba5Cu4O,True
Y1Ba2Cu3O6.03,True
Y1Ba2Cu2.9Al0.1O6.93,True
Pr1Ba2Cu3O7,True
Y1.1Ba1.9Cu3O7,True
Y0.9Ba2.1Cu3O7,True
Y1Ba2Cu3FO,True
Sm1Ba2Cu3O,True
Tm1Ba2Cu3O7,True
Hg1Ba2Ca1Cu2O6,True
Eu1Ba2Cu3O7,True
Y1Ba2Cu3O9,True
Bi2Sr2Ca1Cu2O8,True
Bi2.2Sr1.8Ca1Cu2O8,True
Gd1Ba2Cu3O6.758,True
Ba2Cu3O7,True
Y0.9Eu0.1Ba2Cu3O7,True
Gd1Ba2Cu3S1O6,False
Ho1Ba2Cu3O,True
Tl2Ba2Ca1Cu2O7.984,True
Tl1Ba2Sr1Ca2Cu3O9,True
Y1Ba2Cu3H0.2O7,True
Y1Ba2Cu3O6.89,True
Gd1Ba2Cu3O7,True
Nd1Ba2Cu3O7,True
Bi1.6Pb0.4Sr2Ca2Cu2.8Zn0.2O,True
Bi2Sr2Ca0.7Y0.3Cu2O,True
Nd1.1Ba1.9Cu3O6.9,True
Y1Ba2Cu2.98C0.02O,True
Y1Ba2Cu3O6.96,True
Bi0.33Hg0.67Sr2Y0.5Ca0.5Cu2O7,True
Y0.4Ba0.6Cu1O,True
Y0.85Rb0.15Ba2Cu3O6.48,True
Y1Ba2Cu3O7,True
Y1Ba1.9La0.1Cu3O7.06,True
Bi1.8Pb0.2Sr2Ca1Cu2O8,True
Nd1.05Ba1.95Cu3O7,True
Nd1Ba2Cu3O7,True
Y1Ba2Cu3O,True
Y1Ba1.86La0.14Cu3O6.96,True
Lu1Ba2Cu3O7,True
Y1Ba2Cu3O7,True
Y1Ba2Cu3O6.955,True
Er1Ba2Cu3O7,True
Y1Ba2La1.94Cu3O6.963,True
Ho1Ba2Cu3O6.96,True
Y1Ba2Cu3O6.96,True
Tm1Ba2Cu3O,False
Y1Ba2Cu3O6.939,True
Dy1Ba2Cu3O,True
Y0.887Ba1.962Ca0.15Cu4O8,True
Gd1Ba2Cu3O,True
Y1Ba2Cu3O7,True
Tl1Ba2Ca0.9Gd0.1Cu2O7,True
Y1Ba2Cu2.95Fe0.05O6.92,True
Gd1Ba2Cu3O7,True
Y1Ba1.96Sr0.04Cu3O6.98,True
Y1Ba2Cu3O,True
Y1Ba2Cu2.98Fe0.02O6.93,True
Y0.95Pr0.05Ba2Cu3O7,True
Gd1Ba2Cu2.985Mn0.015O,True
Er0.5Y0.5Ba2Cu3O7,True
Nd0.95La0.05Ba2Cu3O7,True
Bi2Sr2Ca0.8Y0.2Cu2O8,True
Y1Ba1.8La0.2Cu3O6.81,True
Y0.95Sc0.05Ba2Cu3O6.63,True
Y0.4Cd0.6Ba2Cu3O7,True
Y1Ba2Cu3H0.52O6.91,True
Nd1Ba2Cu3O6.81,True
Y1Ba2Cu3O7,True
Ho1Ba2Cu3O,True
Y0.6Cd0.4Ba2Cu3O7,True
Y1Ba2Cu3O6.94,True
Gd1Ba2Cu3O,True
Dy1Ba2Cu3O7,True
Bi2Sr2Ca0.8Dy0.2Cu2O8.26,True
Er1Ba2Cu3O,True
Bi1.6Pb0.4Sr2Ca2Cu2.9Zn0.1O,True
Y1Ba1.9Nd0.1Cu3O,True
Hg0.92Ba2.05Cu1.03O4.065,True
Y1Ba2Cu2.975Co0.025O,True
Y1Ba2Cu3O6.97,True
Y1Ba2Cu3F0.165O,True
Y1Ba2Cu3O7,True
Y1Ba2Cu3O6.9,True
Y0.85Ba1.95Ca0.2Cu4O8,True
Y1Ba2Cu3O,True
Yb0.96Pr0.04Ba2Cu3O7,True
Y1Ba2Cu3O6.8,True
Y1Ba2Cu2.98Ni0.02O7,True
Y1Ba2Cu3O,True
Bi2Sr3Cu2O8,True
Yb0.94Pr0.06Ba2Cu3O7,True
Y1Ba2Cu2.96Co0.04O7,True
Y1Re0.1Ba2Cu2.9O7,True
Y1Ba2Cu3O6.92,True
Bi1.8Pb0.2Sr2Ca2In0.2Cu3O,True
Y0.95Pr0.05Ba2Cu3O6.96,True
Y1Re0.15Ba2Cu2.85O7.07,True
Y1Ba2Cu3O6.9,True
Nd1Ba2Cu3O7,True
Ho1Ba2Cu3O7,True
Y0.94Pr0.06Ba2Cu3O7,True
Y1Ba2Cu3O6.88,True
Hg1Sr2Ca0.7Y0.3Cu1.8Re0.2O,True
Bi2Sr2Ca0.72Y0.28Cu2O8,True
Hg1Tl2Sr4Ca2Cu4O,True
Bi4Sr3Ca2.5Tm0.5Cu4O16,True
Gd1Ba2Cu3O7,True
Y0.962Ba1.987Ca0.05Cu4O8,True
Y0.95Pr0.05Ba2Cu3O6.95,True
Y0.975Ca0.025Ba2Cu3O6.95,True
Y1Ba2Cu3O7,True
Y1Ba1.9K0.1Cu3O6.9,True
Hg0.8Re0.2Sr2Ca0.7Y0.3Cu2O,True
Nd1Ba2Cu3O6.93,True
Ho1Ba2Cu3O,True
Y1Ba2Cu2.955Au0.045O7,True
Y1Ba2Cu2.985Fe0.015O7,True
Y1Ba2Cu3O,True
Er1Ba2Cu3O6.94,True
Y0.95Pr0.05Ba2Cu3O6.97,True
Tm1Ba2Cu3O7,True
Ho1Ba2Cu3O6.9,True
Y1Ba2Cu2.97Mn0.03O7,True
Y1Ba2Cu3O6.99,True
Y1Ba2Cu3O6.93,True
Y1Ba2Cu3O7,True
Gd1Ba2Cu3O7,True
Er1Ba2Cu3O,True
Eu1Ba2Cu3O7,True
Gd1Ba2Cu3O,True
Y1Ba2Cu3O6.94,True
Y1Ba2Cu3O6.96,True
Y1Ba2Cu3O6.9,True
Y1Ba2Cu2.955Fe0.045O6.93,True
Y0.2Yb0.8Ba2Cu3O6.91,True
Dy0.95Pr0.05Ba2Cu3O6.9,True
Y1Ba1.95K0.05Cu3O,True
Y1Ba1.95Na0.05Cu3O,True
Y0.9Sc0.1Ba2Cu3O6.56,True
Y1Ba2Cu3O6.8,True
Y1Ba2Cu3H0.91O6.91,True
Eu0.95Pr0.05Ba2Cu3O,True
Y1Ba2Cu3O7,True
Yb1Ba2Cu3O7,True
Dy1Ba2Cu3O,True
Y1Ba2Cu3O6.97,True
Ho1Ba2Cu3O7,True
Sm1Ba2Cu2.99Zn0.01O7,True
Y1Ba2Cu3O7.1,True
Bi2Sr2Ca1Cu1.6Li0.4O,True
Y0.9Cs0.1Ba2Cu3O6.47,True
Eu1Ba2Cu2.99Zn0.01O7,True
Y1Ba2Cu2.85Ag0.15O,True
Yb0.98Pr0.02Ba2Cu3O7,True
Y1Ba2Cu3O6.96,True
Y1Ba2Cu3O7,True
Y1Ba2Cu3O7,True
Y1Ba2Cu3H0.32O6.91,True
Y1.1Ba1.9Cu3O6.65,True
Y1Ba2Cu3O7,True
Y1Ba2Cu2.955Mn0.045O7,True
Dy1Ba2Cu3O,True
Y1Ba2Cu3O6.94,True
Gd1Ba2Cu3O7,True
Bi2Sr2Ca1Cu2Li0.4O,True
Y1Ba2Cu2.97Fe0.03O7,True
Yb0.92Pr0.08Ba2Cu3O7,True
Bi2Sr2Ca0.8Yb0.2Cu2O8.26,True
Y1Ba2Cu3O6.82,True
Dy1Ba2Cu3O,True
Y1Ba2.92Pr0.08Cu3O7,True
Y1Ba2Cu3O7,True
Y1Ba2Cu2.95Co0.05O6.88,True
Y1Ba2Cu3O,True
Y1Ba2Cu3O6.951,True
Y1Ba2Cu3Li0.02O7,True
Y1Ba2Cu3O7,True
Y1Ba2Cu2.94Mn0.06O,True
Er1Ba2Cu3O7,True
Y1Ba2Cu2.85Mn0.15O7,True
Y1Ba2Cu3O,True
Er1Ba2Cu3O,True
Sm1Ba2Cu3O6.878,True
Y0.4Yb0.6Ba2Cu3O6.93,True
Y1Ba2Cu3O6,True
Nd1Ba1.8Sr0.2Cu3O6.96,True
Y0.9Ca0.1Ba2Cu2.9Al0.1O6.88,True
Y1Ba2Cu3O6.821,True
Gd1Ba2Cu3O,True
Bi2Sr1.8Ca1Lu0.2Cu2O8.27,True
Bi1.8Pb0.2Sr2Ca1Cu2O8,True
Bi2Sr2Ca0.95Pr0.05Cu2O,True
Y1Ba2Cu3H0.27O6.91,True
Y1Ba2Cu3O7,True
Er0.924Pr0.076Ba2Cu3O7,True
Nd0.9La0.1Ba2Cu3O7,True
Y1Ba2Cu3O7,True
Y1Ba2Cu3O7,True
Y1Ba1.7Rb0.3Cu3O6.52,True
Dy1Ba2Cu3O7,True
Y1Ba2Cu2.94Mn0.06O7,True
Sm1Ba2Cu3O6.86,True
Bi1.6Pb0.6Sr2Ca1Cu2O8,True
Y0.99La0.01Ba2Cu3O7.07,True
Y0.9La0.1Ba2Cu3O6.97,True
Y1Ba2Cu2.95Al0.05O6.93,True
Y1Ba2Cu3O6.74,True
Bi2Sr2Ca2Cu3Zn0.013C0.416H0.208N0.104O,True
Nd1Ba2Cu3O6.98,True
Lu0.4Ba0.6Cu1O3,True
Y1Ba2Cu3Co0.1O,True
Y1Ba2Cu3O6.95,True
Hg0.9Ba2Cu1O4,True
Y1Ba2Cu3O6.92,True
Y1.1Ba1.9Cu3O7,True
Hg1Ba2Cu1O4,True
Hg1Ba2Cu1O4.27,True
Bi2Sr2Ca0.72Y0.28Cu2O8,True
Y1Ba2Cu3F0.2O7,True
Y1Ba2Cu3F0.1O7,True
Y0.9Ca0.1Ba2Cu4O8,True
Y1Ba2Cu2.97Fe0.03O7,True
Bi1.8Pb0.2Sr2Ca1Cu2O8,True
Hg0.8Mn0.2Ba2Cu1O4.2,False
Y1Ba2Cu3O,True
Gd1Ba2Cu2.985Mn0.015O,True
Y0.68Tb0.32Ba2Cu3O7,True
Y0.14Tm0.85Ba2Cu3O7,True
Hg0.7Bi0.3Sr2Ca0.75Pr0.25Cu2O6,True
Y1Ba2Cu3O6.9,True
Ho1Ba2Cu3O,True
Y1Ba2Cu3F0.38O6.7,True
Y1Ba2Cu2.94Mn0.06O7,True
Y1Ba2Cu2.955Mn0.045O7,True
Y1Ba2Cu2.97Mn0.03O7,True
Y1Ba2Cu3F0.29O6.7,True
Y1Ba2Cu3F0.25O6.7,True
Gd1Ba2Cu3O,True
Hg1Ba2Cu1O4.07,True
Y1Ba2Cu3O6.86,True
Yb1Ba2Cu3O7,True
Y1CaBa2Cu3NiO6.89,False
Er1Ba2Cu3O7,True
Y1Ba2Cu2.94Fe0.06O7.254,True
Ho1Ba2Cu3O7,True
Sr1Cu1O2,True
Y1Ba2Cu3O6.957,True
Y0.9Tb0.1Ba2Cu3O7,True
Ba2Ca3Cu4F1.4O8.6,True
Dy0.4Ba0.6Cu1O3,True
Bi2Sr2Ca1Cu2O8.195,True
Y1Re0.1Ba2Cu2.9O7.09,True
Y1Ba1.95La0.05Cu3O,True
Tl1.63Ba2Ca1.3Cu2O7.94,True
Na0.05W1O3,True
Tl2Ba2Cu1O6,True
Bi2Sr2Ca1Cu2O8.26,True
Bi2Sr2Ca1Cu2O,True
Y1Ba2Cu3O7,True
Y1Ba1.9La0.1Cu3O6.99,True
Y1Re0.15Ba2Cu2.85O7.17,True
Bi2.2Sr1.8Ca1.05Cu1.45Li0.7O,True
Gd1Ba2Cu3O6.969,True
Y1Ba2Cu3Se0.05O7,True
Y1Ba2Cu3.5O7.5,True
Bi2Sr2Ca1Cu2O8.118,True
Bi1.4Pb0.6Sr2Ca1Cu2O8,True
Dy1Ba2Cu3O7,True
Y1Ba2Cu3O6.93,True
Bi1.55Pb0.45Sr2Eu0.2Ca0.8Cu2O8,True
Y1Ba2Cu3O6.84,True
Bi2.2Sr1.8Ca1.05Cu1.55Na0.6O8,False
Y1Ba1.9La0.1Cu3O,True
Er1Ba2Cu3O6.93,True
Y1Ba2Cu3H0.14O6.91,True
Hg1Ba2Cu1O4.105,True
Bi1.85Pb0.15Sr2Ca1Cu2O8,True
Y1Ba2Cu3O7,True
Sm1Ba2Cu3O7,True
Er1Ba2Cu3O6.953,True
Y1Ba2Cu3O6.95,True
Y1Ba2Cu3O6.85,True
Bi2Sr2Ca0.8Eu0.2Cu2O8.26,True
Gd1Ba2Cu3O6.99,True
Bi2Sr2Ca0.9Gd0.1Cu2O8,True
Bi2Sr2Ca0.8Gd0.2Cu2O8.27,True
Er1Ba2Cu3O,True
Y1Ba2Cu2.97Ga0.03O7,True
Y1Ba2Cu3O7,True
Y1Ba2Cu3O6.93,True
Y1Ba2Cu3O6.9,True
Gd1Ba2Cu3O6.94,True
Y1Ba2Cu3O7,True
Y1Ba1.8Nd0.2Cu3O,True
Y1Ba2Cu3F0.016O,True
Bi1.75Pb0.25Sr2Ca1Cu2O8,True
Y1Ba1.8Na0.2Cu3O,False
Tl1Ba2Ca0.9Nd0.1Cu2O7,True
Y1Ba2Cu3O6.89,True
Lu1Ba2Cu3O7,True
Bi2Sr2Ca0.8Dy0.2Cu2O8.26,True
Y1Ba2Cu3O,True
Y1Ba2Cu2.925Mn0.075O7,True
Y1Ba2Cu3O6.96,True
Y1Ba2Cu3O,True
Y1Ba2Cu0.97Co0.03O7,True
Y1Ba2Cu3O7,True
Bi2Sr2Ca1Cu2O8,True
Gd1Ba1.2Sr0.8Cu3O,True
Hg0.8Tl1.2Ba2Ca2Cu3O,True
Ho1Ba2Cu3O7,True
Y1Ba2Cu2.98Fe0.02O7,True
Hg0.92Ba2.05Cu1.03O4.044,True
Y1Ba2Cu3O6.96,True
Sm1Ba2Cu3O6.99,True
Sm1Ba2Cu3O6.941,True
Y1Ba2Cu3O,True
Y1Ba2Cu3O6.9,True
Y1Ba2Cu2.95Ni0.05O7,True
Bi2Sr2Ca1Cu2O8.21,True
Hg1Ba1.9La0.1Cu1O,True
Y1Ba2Cu3O7,True
Y1Ba2Cu3O6.88,True
Y1.04Ba1.96Cu3O6.8,True
Y1Ba2Cu3O,True
Bi2Sr1.8La0.2Ca1Cu2O,True
Y1Ba2Cu3O6.9,True
Y1Ba1.8Rb0.2Cu3O6.56,True
Y1Ba2Cu3O,True
Y1Ba2Cu2.895Mn0.105O7,True
Gd1Ba2Cu3O,True
Y0.4Ba0.6Cu1O,True
Y1Ba2Cu3F0.825O,True
Y1Ba2Cu4O6.998,True
Y1Ba2Cu3O6.93,True
Y1Ba2Cu3O7,True
Y1Ba2Cu3O6.94,True
Y0.98Ca0.02Ba2Cu3O7,True
Y0.92Pr0.08Ba2Cu3O7,True
Hg0.9Re0.1Ba2Cu1O4.35,True
Y1Ba2Cu2.985Ni0.015O6.92,True
Er1Ba2Cu3O7,True
Bi2.1Sr1.9Ca1Cu2O8,True
Y0.1Gd0.9Ba2Cu3O8,True
Y1Ba2Cu2.96Fe0.04O7,True
Tl0.8Hg0.2Ba2Ca1.85Sm0.15Cu3O9,True
Hg1.4Tl0.6Ba2Y0.4Ca0.6Cu2O,True
Y1Ba1.8Sr0.2Cu3O6.8,True
Tl0.8Hg0.2Ba2Ca1.85Yb0.15Cu3O9,True
Y0.85Ca0.15Ba2Cu2.85Al0.15O6.87,True
Nd1Ba2Cu3O6.09,True
Y1Ba2Cu2.97Co0.03O7,True
Sm1Ba2Cu3O6.85,True
Bi2Sr2Ca1Cu2O,True
Bi2Sr2Ca0.8Eu0.2Cu2O8.26,True
Bi2Sr2Ca1Cu2O8,True
Y1Ba23O,True
Y1La0.2Ba1.8Cu3O7.49,True
Y1Ba2Cu3O7,True
Gd1Ba2Cu2.97Mn0.0225O,True
Y0.85Cs0.15Ba2Cu3O6.5,True
Y1Ba2Cu3O,True
Y1La0.2Ba1.8Cu3O7.79,True
Tm1Ba2Cu3O7,True
Bi2Sr1.8Ca1Y0.2Cu2O8.25,True
Bi2Sr2Ca1Cu2O,True
Nd0.97Ca0.03Ba2Cu3O7,True
Tm1Ba2Cu3O6.91,True
Y1Ba1.9La0.1Cu3O6.99,True
Y1Ba1.85Na0.15Cu3O,True
Y1Ba2Cu3O6.87,True
Y1Ba2Cu2.985Mn0.015O,True
Y1Ba2Cu3F1.65O5.675,True
Y1Ba2Cu2.975Co0.025O,True
Y1Ba2Cu3O7,True
Y1Ba2Cu3O6.98,True
Dy0.35Ba0.65Pb0.1Cu0.9O3,True
Y1Ba2Cu3O7,True
Y1Ba2Cu2.98Zr0.02O6.84,True
Bi2Sr2Ca1Cu2O8.288,True
Y1Ba2Cu3O,True
Y1Ba2Cu2.7Ag0.3O,True
Tm1Ba2Cu3O,False
Y1Ba2Cu3O7,True
Y1Ba2Cu3O6.95,True
Y0.9Na0.1Ba2Cu3O,True
Y1Ba2Cu2.97Mn0.03O,True
Y0.85K0.15Ba2Cu3O6.48,True
Y1Ba2Cu3O6.91,True
Yb1Ba2Cu3O7,True
Bi2Sr1.8Ca1Yb0.2Cu2O8.26,True
Y1Ba2Cu2.93Fe0.03O7,True
Ba2Yb1Cu3O6,True
Y1Ba2Cu3O,True
Tm1Ba2Cu3O,False
Y1Ba2Cu3O7,True
Y1.5Ba1.5Cu3O,True
Y1Ba2Cu2.85Ag0.15O7,True
Tl0.8Pb0.2Sr2.5Pr0.5Cu2O,True
Cu0.5N0.25C0.25Sr2Ca2Cu3O,True
Tl1Sr1.5La0.5Ca1Cu2O7,True
Y1Ba2Cu3HO7,True
Y1Ba2Cu3O7,True
Sm1Ba2Cu3O6.95,True
Y1Ba2Cu3S1O6,False
Bi2Sr2Ca0.9Y0.1Cu2O8.23,True
Tl2Ba2Cu1O6,True
Y1Ba2Cu3S0.03O7.12,True
Dy1Ba2Cu3O7,True
Er1Ba2Cu2.85Fe0.15O7,True
Er1Ba2Cu3O7,True
Dy1Ba2Cu3O6,True
Er1Ba2Cu2.95Ga0.05O6.75,True
Pb0.7Hg0.3Sr2Nd0.3Ca0.7Cu2O6.6,True
Hg1Tl1Ba2Ca4Cu5O14,True
Y1Ba2Cu3O6.83,True
Hg1Ba2Cu1O4,True
Ba2Ca2Cu3F2O6,True
Y0.8Ca0.2Ba2Cu4O8,True
Y0.85Ca0.15Ba2Cu4O8,True
Cu0.5C0.5Sr2Ca1Cu2O7,True
Y1Ba2Cu2.9Fe0.1O,True
Bi2Sr2Ca1Cu2O8.26,True
Hg0.8V0.2Ba2Cu1O4.3,True
Er1Ba2Cu3O6.92,True
Tl2Ba2Ca1Cu2O7.984,True
Y0.9Pr0.1Ba2Cu3O7,True
Sm1Ba2Cu3O6.858,True
Y1Ba2Cu3O6.96,True
YBa1.5Sr0.5Cu3O,True
Y1Ba1.96Sr0.04Cu3O7,True
Ca1La1Ba1Cu2.8P0.2O7,True
Y1Ba2Cu3O6.91,True
Y1Ba1.8Sr0.2Cu3O7,True
Y0.7Ca0.3Ba2Cu4O8,True
Y1Ba2Cu3O9,True
Gd1Ba2Cu3O6.95,True
La0.5Nd0.5Ba2Cu3O,True
La0.5Sm0.5Ba2Cu3O,True
Tl1Sr2Sr0.5La0.5Cu2O7,True
Y1Ba2Cu3O6.93,True
La0.5Dy0.5Ba2Cu3O,True
Y1Ba2Cu2.985Fe0.015O7,True
Y1Ba2Cu3O6.99,True
Y1Ba2Cu2Pb1O,False
Bi2Sr2Ca1Cu2O8,True
Bi2Sr2Ca0.79Y0.21Cu2O8,True
Yb1.5Ba1.5Cu3O,True
Bi2.13Sr1.21Ca1.32Cu2.22O8,True
Yb1Ba2Cu2.9Ga0.1O7,True
Hg1Ba2Cu1FO4,True
Sm1Ba2Cu3O6.89,True
Y1Re0.1Ba2Cu2.9O7.08,True
Sm1Ba2Cu3O6.82,True
Ba2Ca2Cu3O,True
Y1Ba1.95Cu2.95Co0.05O7,True
Er1Ba2Cu3O,True
Y1Ba2Cu3O6.92,True
Y1Ba2Cu2.96Fe0.04O7,True
Gd1Ba2Cu2.972Fe0.03O,True
Bi2Sr2Ca0.9Ce0.1Cu2O8,True
Dy1Ba2Cu3O6.79,True
Hg1Tl1Ba2Ca4Cu5O,True
Y1Ba2Cu3O6.95,True
Y1Ba2Cu3O,True
Eu1Ba2Cu3O7.01,True
Hg1Tl2Sr4Cu6O,True
Ge0.4Cu0.6Sr2Ca1.9Y0.1Cu3O9.3,False
Y1.6Ba2.4Cu3O10,True
Bi2.1Sr1.94Ca0.88Cu2.07O8,True
Eu1Ba2Cu3O7,True
Tm1Ba2Cu3O7,True
Y1Ba1.95Na0.05Cu3O,True
Bi2.2Sr1.8Ca1.05Cu1.65Na0.5O8,False
Dy1Ba2Cu3O6.68,True
Hg0.5Pb0.5Sr2Ca0.7Y0.3Cu2O,True
Y0.4Ba0.6Cu1O,True
Bi2Sr2Ca1Cu2O8.1,True
Y1Ba2Cu2.9Sn0.1O7.28,True
Y1Ba1.95La0.05Cu2.95Al0.05O,True
Hg0.5Pb0.5Sr2Ca0.5Y0.5Cu2O,True
Bi2.2Sr1.8Ca1.05Cu1.45Na0.7O8,True
Gd1Ba2Cu3O7,True
Ho1Ba2Cu3O,True
Y1Ba1.95La0.05Cu3O6.98,True
Y1Ba2Cu3O6.1,True
Pr1Ba2Cu3O7,True
Ho1Ba2Cu2.925Ni0.075O7,True
Yb1Ba2Cu2.7Ga0.3O7,False
Yb1Ba2Cu2.8Ga0.2O7,True
Yb1Ba2Cu2.85Ga0.15O7,True
Nd1Ba2Cu3O7,True
Tl0.5Ba2Ca1Be1Cu3.45Co0.05O10,True
Ba1Y0.67La0.33Cu1.8Li0.2O,False
Nd1Ba2Cu3O6.94,True
Yb1Ba2Cu2.95Ga0.05O7,True
Y1Ba2Cu2.9955Zn0.0045O6.95,True
Yb1Ba2Cu3O7,True
Y1Ba2Cu2.85Au0.15O,False
Nd1Ba2Cu3O,True
Dy1Ba2Cu3O6.84,True
Y1Ba2Cu2.7In0.3O6.9,True
Ho1Ba2Cu3O7,True
Hg1Sr2Ca1Cu1.8Re0.2O,True
Y1Re0.15Ba2Cu2.85O7.13,True
Y1Ba2Cu3O6.869,True
Bi2Sr2Ca1Cu2O8.245,True
Ba2Ca1Cu2F1.3O4.2,True
Er1Ba2.03Cu3.05O7,True
Bi2.1Sr1.9Ca1Cu2O,True
Y2La0.1Ba3.9Cu6O13.94,True
Sm1Ba2Cu3O6.92,True
Bi2.2Sr1.8Ca1Cu2O,True
Hg0.7V0.3Ba1.75Sr0.25Cu1O4.6,True
Ba2Ca4Cu5F1O10,True
Bi2Sr2Ca1Cu2O,True
Lu1Ba2Cu3O7,True
Eu1Ba2Cu3O,True
Y1Ba2Cu3O6.9,True
Tm1Ba2Cu3O6.95,True
Y0.9Cd0.1Ba2Cu3O7,True
Y1Ba2Cu3O7,True
Y1Ba2Cu3O6.97,True
Y1Ba2Cu3O6.82,True
Yb0.9Pr0.1Ba2Cu3O7,True
Y1Ba2.85La0.15Cu3O7,True
Yb0.8Lu0.2Ba2Cu3O6.94,True
Y1Ba2Cu3O6.95,True
Bi2Sr2.2Ca0.8Cu2O8,True
Y0.985Ca0.015Ba2Cu3O6.98,True
Y1Ba2Cu2.97Mn0.0225O,True
Bi2Sr2Ca1Cu2O8,True
Tm1Ba2Cu3O6.96,True
Tm1Ba2Cu3O6.94,True
Tl0.85Cr0.15Sr2Ca1Cu1.8Ge0.2O7,True
Y1Ba2Cu2.98Zr0.2O6.75,True
Y1Ba2Cu3O6.9,True
Y1Ba2Cu3O,True
Y1Ba2Cu3O6.887,True
Y1Ba2Cu3O6.98,True
Y1Ba2Cu3O7,True
Bi2Sr2Ca0.8Gd0.2Cu2O8.26,True
Bi4Sr3Ca2.25Y0.75Cu4O,True
Y1La0.2Ba1.8Cu3O7.77,True
Tm1Ba2Cu3O6.99,True
Y1La0.2Ba1.8Cu3O7.46,True
Er1Ba2Cu2.99Zn0.01O7,True
Er1Ba2Cu2.985Ni0.015O7,True
Gd1Ba2Cu2.99Zn0.01O7,True
Sm1.05Ba1.95Cu3O6.87,True
Y1Ba2Cu3O7,True
Bi2Sr2Ca1Cu2O8,True
Y1Ba1.85La0.15Cu3O,True
Y1Ba2Cu0.94Co0.06O7,True
Yb0.7Lu0.3Ba2Cu3O7,True
Nd1Ba2Cu3O7,True
Y1Ba2Cu3O6.93,True
Yb0.6Lu0.4Ba2Cu3O6.92,True
Lu0.85Pr0.15Ba2Cu3O7,True
Bi2Sr2Ca0.8Nd0.2Cu2O8.26,True
Y0.875Lu0.125Ba2Cu3O,True
Y1Ba2Cu3O7,True
Y1Ba2Cu3O6.98,True
Bi2Sr2Ca1Cu1.4Li0.6O,True
Y1Ba2Cu1O,True
La1Ba2Cu3O7,True
Y1Ba2Cu3O6.9,True
Y1Ba2Cu3O,True
Bi2Sr2Ca0.8Y0.2Cu2O8,True
Er1Ba2Cu2.85Ga0.15O7,True
Y1Ba1.75Sr0.25Cu3O6.928,True
Y1La0.2Ba1.8Cu3O7.57,True
Y1Ba2Cu3O6.8,True
Yb1Ba2Cu3O6.93,True
Y1Ba2Cu3O6.97,True
Y0.984Ca0.016Ba2Cu3O6.986,True
Y0.9Ca0.1Ba2Cu4O8,True
Dy1Ba2Cu2.99Zn0.01O7,True
Y1Ba2Cu3O6.94,True
Er1Ba2Cu2.985Ga0.015O7,True
Eu1.5Ba1.5Cu3O,True
Y1Ba2Cu2.96Fe0.04O7,True
Lu1Ba2Cu3O7,True
Hg0.95Ba2Cu1O4,True
Y1Ba2Cu3O7,True
Y1Ba2Cu3O7.01,True
Y1Ba2Cu3O6.81,True
Y1Ba2Cu3O,True
Y1Ba2Cu3O6.98,True
Y1Ba2Cu3F0.15O6.7,True
Bi2Sr2Ca1Cu2O8,True
Yb0.995Pr0.05Ba2Cu3O6.97,True
Er1Ba2Cu2.85Ni0.15O7,True
Yb0.9Lu0.1Ba2Cu3O7,True
Y0.95Ca0.05Ba1.95La0.05Cu3O,True
Y0.8Na0.2Ba2Cu3O,True
Bi2Sr2Ca0.8Lu0.2Cu2O8,True
Bi2Sr2Ca1Cu2O,True
Ho1Ba2Cu3O,True
Y1Ba2Cu3O6.96,True
Gd1Ba1.4Sr0.6Cu3O,True
Bi2Sr2Ca0.79Y0.21Cu2O8,True
Y1Ba2Cu3O7,True
Y0.93Pr0.05Ca0.02Ba2Cu3O7,True
Bi2Sr2Ca0.75Y0.25Cu2O8,True
Y0.95K0.05Ba2Cu3O6.6,True
Y1Ba2Cu3Li0.02O7,True
Y1Ba2Cu3O6.98,True
Gd1Ba1.98Cu3.05O7,True
Y1Ba1.86La0.14Cu3O6.98,True
Y1Ba2Cu2.85Mn0.15O7,True
Bi1.6Pb0.4Sr2Ca2Cu2.93Fe0.07O,True
Y1Ba1.95La0.05Cu3O6.98,True
Y1Ba2Cu3O6.85,True
Y1Ba2Cu3Li0.02O7,True
Er0.5Yb0.5Ba2Cu3O7,True
Bi2Sr2Ca1Cu2O8,True
Y1Ba2Cu2.94Fe0.06O7,True
Er1Ba2Cu3O7,True
Y1Ba2Cu3O6.83,True
Hg0.7Mo0.3Sr2Ca0.5Y0.5Cu2O,True
Nd0.85La0.15Ba2Cu3O7,True
Y1Ba2Cu3O6.852,True
Y1Ba2Cu3O7,True
Y1Ba2Cu3Li0.08O7,True
Gd1Ba2Cu2.97Mn0.03O,True
Y1Ba2Cu2.97Fe0.03O7,True
Y1Ba1.8La0.2Cu3O,True
Bi2Sr1.8Ca1Dy0.2Cu2O8.26,True
Y0.9Pr0.1Ba2Cu3O7,True
Y1Ba2Cu2.982Zn0.018O6.9,True
Yb0.95Pr0.05Ba2Cu3O6.9,True
Hg1Ba2Cu1O4.108,True
Bi2Sr2Ca1Cu2O8.291,True
Gd1Ba2Cu2.95Fe0.05O,True
Y1Ba2Cu3Li0.02O7,True
Y1Ba2Cu3O6.75,True
Y1Ba2Cu3O6.8,True
Y1Ba2Cu3O7,True
Y1La0.2Ba1.8Cu3O7.74,True
Y1La0.2Ba1.8Cu3O7.36,True
Y1Ba2Cu2.94Cu0.6O7,True
Bi2Sr1.6Ca1.2Y0.2Cu2O8.26,True
Y0.8Ca0.2Ba2Cu2.8Al0.2O6.88,True
Bi2Sr2Ca1Cu2O8.224,True
Hg1Ba2Cu1O,True
Hg1Ba2Cu0.98Mg0.02O4,True
Bi2Sr2Ca1Cu2O8.25,True
Bi2.2Sr1.8Ca1.05Cu1.75Na0.4O8,False
Bi2Sr2Ca0.7Y0.3Cu2O8,True
Bi2Sr2Ca0.8Y0.2Cu2O,True
Gd1Ba2Cu3O,True
Tm1Ba2Cu2.925Fe0.075O7,True
Y1Ba2Cu3O6.95,True
Yb0.925Pr0.075Ba2Cu3O6.97,True
Bi1.8Pb0.2Sr2Ca1Cu2O8,True
Pb0.38Bi1.75Sr1.75Ca1.1Cu2O,True
Y1Ba2Cu2.7Mn0.3O7,False
Y1Ba2Cu3O6.85,True
Y1Ba2Cu3O6.9,True
Tl0.6Pb0.4Sr1.7Ba0.3Ca1Cu2O,True
Y1Ba2Cu2.97Fe0.03O7,True
Y1Ba1.8La0.2Cu3O7.03,True
Y1Ba2Cu3S1O6,False
Y1Ba2Cu3O7,True
Bi2Sr2Ca1Cu2O,True
Bi2Sr2Ca0.8La0.2Cu2O8.26,True
Gd1Ba2Cu3O7,True
Bi2.1Sr2Ca1Cu2O8,True
Er2Ba4Cu7O14.92,True
Y1Ba1.9Cu2.9Co0.1O7.02,True
Hg1Ba2Cu0.99Zn0.01O4,True
Bi2Sr2Ca0.8Dy0.2Cu2O8,True
Bi2Sr2Ca0.7Yb0.3Cu2O8,True
Er1Ba2Cu2.985Co0.015O7,True
Bi2Sr2Ca1Cu1.2Li0.8O,True
Tm1Ba2Cu3O6.95,True
Y1Ba1.9Sr0.1Cu3O6.89,True
Y1Ba2Cu3O9,True
Y1Ba2Cu2.99Zn0.01O6,True
Y1Ba2Cu3O7.19,True
Y1Ba1.8Sr0.2Cu3O6.98,True
Y0.93Ca0.07Ba2Cu4O8,True
Y1Ba2Cu2.98Fe0.02O6.93,True
Y1Ba2Cu3S0.12O7.28,True
Y0.9Pr0.1Ba2Cu3O6.85,True
Hg0.65V0.35Sr2Ca0.75Nd0.25Cu2O,True
Y1Ba2Cu2.97Ni0.03S0.03O,True
Hg0.9W0.1Ba2Cu1O4.2,True
Bi2.19Sr2Ca0.81Cu1.93O,True
Y1Ba1.5Sr0.5Cu3O6.96,True
Y0.9Ca0.1Ba2Cu4O8,True
Hg1Ba2Cu1O4.058,True
Bi2Sr2Ca0.9Y0.1Cu2O8.2,True
Ge0.3Cu0.7Sr2Ca2.9Y0.1Cu4O11.1,True
Y1Ba2Cu3O6.55,True
Y1Ba2Cu3S0.06O7.23,True
Nd1Ba2Cu3O6.95,True
Ho0.9Ca0.1Ba2Cu3O7,True
Hg1Ba2Cu1O4.12,True
Bi2Sr1.6Y0.1Ca1.3Cu2O8.23,True
Bi2Sr2Ca1Cu2O8,True
Y1Ba2Cu3O,True
Gd1Ba1.5Sr0.5Cu3O6.93,True
Y2Ba4Cu7O15.09,True
Y1Ba2Cu3O6.995,True
Y1Ba1.9Sc0.1Cu3O6.55,True
Y1Ba2Cu3Li0.1O7,True
Y0.9Ca0.1Ba2Cu4O8,True
Bi2Sr1.8Ca1Gd0.2Cu2O8.26,True
Bi2Sr1.8Ca1Eu0.2Cu2O8.25,True
Y1Ba2Cu3O6.66,True
Y1Ba2Cu3O7,True
Y1Ba2Cu3O6.96,True
Bi2Sr2Ca0.87Pr0.13Cu2O,True
Tl2Ba2Cu1O6,True
Y1Ba2Cu3O6.84,True
Y0.9Ca0.1Ba2Cu4O8,True
Y1Ba2Cu3O7,True
Sm0.3Ba0.7Cu1O3,True
Y1Ba1.8Sc0.2Cu3O6.64,True
Y1Ba2Cu3Li0.06O7,True
Bi2Sr2Ca0.8Nd0.2Cu2O8.26,True
Y0.9Pr0.1Ba2Cu3O7,True
Bi2Sr1.9Ca1Cu2O8,True
Y1Ba1.8La0.2Cu3O7.03,True
Bi2Sr2Ca1Cu1.99Co0.01O,True
Y0.7Ca0.3Ba2Cu3O6.87,True
Yb1Ba2Cu3O,True
Y1Ba2Cu2.95Fe0.05O6.9,True
Y1Ba2Cu3O6.87,True
Dy1Ba2Cu3O6.94,True
Y1Ba2Cu0.94Co0.06O7,True
Bi1.65Pb0.35Sr2Ca1Cu2O8,True
Er1Ba2Cu2.985Fe0.015O7,True
Bi2Sr1.9La0.1Ca1Cu2O,True
Tl0.85Cr0.15Sr2Ca1Cu1.7Ge0.3O7,False
Y1Ba2Cu3O7,True
Y1Ba2Cu2.9Co0.1O,True
Hg1Tl1Ba2Ca2Cu3O,True
Y1Ba2Cu2.99Zn0.01O7,True
Y0.95Ca0.05Ba2Cu3O7,True
Y0.9Ca0.1Ba2Cu3O6.9,True
Bi2Sr1.6Ca1.2Lu0.2Cu2O8.26,True
Gd1Ba1Sr1Cu3O,True
Y1Ba1.9La0.1Cu3O7,True
Y1Ba2Cu3O6.9,True
Y1Ba2Cu2.97Ni0.03O6.94,True
Yb1Ba2Cu3O7,True
Y1Ba1.75La0.25Cu3O,True
Er1Ba2Cu2.85Co0.15O7,True
Sm1.05Ba1.95Cu3O6.99,True
Y1Ba1.6Sr0.4Cu3O6.8,True
Y0.88Ca0.12Ba2Cu4O8,True
Tl2Ba2Ca0.9Y0.1Cu1.92Co0.08O8,True
Y1Ba2Cu3O6.96,True
Tl2Ba2Ca1Cu1.88Co0.12O8,True
Y0.95Ca0.05Ba2Cu3O7,True
Yb0.9Pr0.1Ba2Cu3O6.97,True
Y0.9Ca0.1Ba2Cu2.9Co0.1O,True
Hg1Ba2Cu1O4.066,True
Y1Ba2Cu3O7,True
Bi2Ca1Sr2Cu2O8,True
Y1Ba2Cu3O6.95,True
Y1Ba2Cu3O6.965,True
Y1Ba1.9Na0.1Cu3O,True
Bi2Sr2Ca1Cu2O,True
Yb1Ba2Cu3O6.95,True
Y1Ba2Cu3O,True
Y1Ba2Cu3O7,True
Bi1.9Pb0.1Sr2Ca1Cu2O8,True
Bi2Sr1.6Ca1.2Yb0.2Cu2O8.26,True
Eu1Ba2Cu2.95Co0.05O,False
Er0.62Yb0.38Ba2Cu3O7,True
Y1Ba2Cu3O6.8,True
Bi2Sr1.95Ba0.05Ca1Cu2O,True
Bi1.7Pb0.4Sr2Ca1.1Cu2.1Nd0.3O,True
Y1Ba2Cu3Li0.02O7,True
Y1Ba2Cu2.925Co0.075O,True
Y1Ba2Cu2.94P0.06O7,True
Y1Ba2Cu3O7,True
Y0.75Lu0.25Ba2Cu3O,True
Y0.95Ca0.05Ba2Cu3O6.94,True
Y1Ba2.88Pr0.12Cu3O7,True
Y0.75Ca0.25Ba2Cu2.75Al0.25O6.86,True
Gd1Ba2Cu2.97Fe0.03O7,True
Y1Ba1.95Pr0.05Cu3O,True
Y0.9Pr0.1Ba2Cu3O6.95,True
Sm1Ba2Cu3O7,True
Y1Ba2Cu3O7,True
Sm1Ba2Cu3O6.927,True
Y1Ba2Cu3O6.96,True
Y0.9Pr0.1Ba2Cu3O6.97,True
Y1La0.2Ba1.8Cu3O7.64,True
Hg1Ba1.8La0.2Cu1O,True
Y1Ba2Cu3O6.78,True
Hg1.2Tl0.8Ba2Ca2Cu3O,True
Ho1Ba2Cu2.925Fe0.075O7,True
Y1Ba2Cu2.925Fe0.075O7,True
Sm1Ba2Cu3O,True
Bi2Ca1Sr2Cu2O8,True
Hg1Ba2Cu1O,True
Y0.9Er0.1Ba1.9Sr0.1Cu3O7,True
Yb0.9Pr0.1Ba2Cu3O6.92,True
Hg1Ba2Cu1FO4,True
Yb0.4Ba0.6Cu1O3,True
Y1Ba1.9Sr0.1Cu3O7,True
Pr1Tl2Sr2Ca4Cu5O2,False
Y0.6Ba0.9Cu1O,True
Bi2Sr2Ca1Cu2O,True
Nd1Ba2Cu3O7,True
Hg1Ba2Cu1O4.28,True
Y1Ba1.65Nd0.35Cu3O,True
Gd0.9Ca0.1Ba2Cu3O7,True
Dy1Ba2Cu2.98Fe0.02O6.88,True
La0.5Eu0.5Ba2Cu3O,True
Er1Ba2Cu3O7,True
La0.5Gd0.5Ba2Cu3O,True
Y1Ba2Cu2.95Al0.05O7,True
Eu1Ba2Cu3O6.9,True
Y0.95Ca0.05Ba2Cu3O6.79,True
Y1Ba2Cu3O7,True
Y0.95Ca0.05Ba2Cu2.95Co0.05O,True
Y1Ba2Cu2.95Ga0.05O6.69,True
Tl1Sr1.5Pr0.5Ca1Cu2O7,True
Y0.95Ca0.05Ba2Cu2.95Co0.05O6.96,True
Bi2Sr2Ca1Cu2O8.19,True
Tl1Sr1.5Nd0.5Ca1Cu2O7,True
Tl1Sr1.5Eu0.5Ca1Cu2O7,True
Y0.9Ca0.1Ba2Cu2.9Co0.1O6.95,True
Bi2Sr1.6Ca1.2Dy0.2Cu2O8.26,True
Bi4Sr3Ca2.8Tm0.2Cu4O16,True
Y2Ba4Cu7O14.98,True
Hg1Ba2Cu1O4.16,True
Y1Ba2Cu3O6.9,True
Y1Ba2Cu2.9925Zn0.0075O6.92,True
Bi2Sr2Ca0.89Pr0.11Cu2O8,True
Mo0.25Sr2Y1Cu2.75O7,True
Y1Ba2Cu2.7Au0.3O,False
Tm2Ba4Cu7O14.732,True
Bi1.7Pb0.3Sr2Ca1.95Sm0.05Cu3O,True
Nd0.94Ca0.06Ba2Cu3O7,True
Tl2Ba2Cu1O6,True
Y0.95Pr0.05Ba2Cu3O6.965,True
Yb1Ba2Cu3O6.97,True
C0.5Ba2Ca2Cu3.5O,True
Tl0.115Pb0.104Sr1.6Ba0.4Ca2Cu3Ag0.4O,True
Y0.625Lu0.375Ba2Cu3O,True
Er1Ba2Cu2.97Fe0.03O6.94,True
Bi2.2Sr1.8Ca1.05Cu1.85Na0.3O8,True
Y1Ba2Cu3O6.95,True
Y1Ba2Cu3H0.08O7,True
Lu1Ba2Cu3O7,True
Y1Ba2Cu2.9Co0.1O,True
Bi2Sr2Ca0.75Pr0.25Cu2O8,True
Bi2.1Sr2.1Ca0.8Cu2O,True
Ga0.3Hg0.7Sr2Y0.5Ca0.5Cu2O,False
Tl1.75Cd0.25Ba2Cu1O6,True
Tl2Ba2Ca0.9Y0.1Cu2O8,True
Y1Re0.05Ba2Cu2.95O6.94,True
Bi2Sr2Ca0.7Dy0.3Cu2O8,True
Y1Ba2Cu2.25Ti0.75O,True
Bi2.1Sr1.9Ca0.74Cu2O,True
Y1Ba2Cu2.9907Zn0.0093O6.95,True
Bi2Sr2Ca1Cu2O8.24,True
Y1Ba2Cu3O6.96,True
C0.15Cu0.5Ba2Ca2Cu3O,True
Gd0.95Pr0.05Ba2Cu3O7,True
Y1Ba1.85La0.15Cu3O,True
Er1Ba2Cu3O6.935,True
Y1Ba2Cu3O6.828,True
Sr1.68Ba0.32Cu1O3.4,True
Bi2Sr2Ca0.64Y0.36Cu2O8,True
Y1Ba2Cu2.94Ga0.06O7,True
Bi1.7Pb0.4Sr2Ca1.1Cu2.1Nd0.4O,True
Y1Ba2Cu3O6.85,True
Tm0.9Pr0.1Ba2Cu3O6.95,True
Bi2Sr2Ca0.8La0.2Cu2O8.26,True
Y1La0.2Ba1.8Cu3O7.62,True
Bi2Sr2Ca0.75Y0.25Cu2O8,True
Y0.125Lu0.875Ba2Cu3O,True
Yb1Ba2Cu3O7,True
Y1Ba2Cu3O7,True
Y1Ba2Cu2.7Au0.3O,False
Y1Ba1.98La0.02Cu3.5O7.5,True
Bi2Sr2Ca0.8Y0.2Cu2O8.2,True
Tl2Ba2Cu1O6.12,True
Er1Ba2Cu2.95Ni0.05O,True
Bi2Sr2Ca0.89Pr0.11Cu2O,True
Bi2Sr1.8Ca1La0.2Cu2O8.27,True
Y0.85Ca0.15Ba2Cu4O8,True
Sm1Ba2Cu3O6.773,True
Y1Ba2Cu3O6.99,True
Er0.37Yb0.63Ba2Cu3O7,True
Yb1Ba2Cu2.99Zn0.01O7,True
Y1Ba2Cu3O6.82,True
Y1Ba2Cu3O7,True
Bi2Sr1.8Ca1Nd0.2Cu2O8.26,True
Bi2Sr1.9Ba0.1Ca1Cu2O,True
Y1Ba2Cu2.82Fe0.18O6.895,True
Bi1.7Pb0.4Sr2Ca1.1Cu2.1Nd0.2O,True
Nd1Ba2Cu3O,True
Nd1.1Ba1.9Cu3O6.96,True
Mo0.25Sr2Y1Cu2.75O7,True
Bi2Sr2Ca1Cu2O,True
Y1Ba2Cu2.55Ag0.45O,True
Y1Ba1.5Sr0.5Cu3O6.938,True
Bi2Sr2Ca0.89Y0.11Cu2O,True
Er0.75Yb0.25Ba2Cu3O7,True
Bi2Sr2Ca0.97Y0.03Cu2O,True
Tl0.3Sr1.6Yb0.4Ca1Cu2.3O7,True
Y1Ba2Cu2.98Ni0.02O6.95,True
Yb0.85Pr0.15Ba2Cu3O7,True
Bi2Sr2Ca1Cu2O8,True
Y1Ba2Cu2.94Fe0.06O6.89,True
Bi2Sr2Ca1Cu2O,True
Nd1Ba2Cu3O7,True
Bi2Sr2Ca0.7Y0.3Cu2O8,True
Bi2Sr2Ca0.8Y0.2Cu2O8,True
Bi2Sr2Ca1Cu2O8.293,True
Dy1Ba2Cu2.95Ni0.05O,True
Y0.95Pr0.05Ba2Cu3O6.96,True
Y1Ba2Cu2.8Cr0.2O7,True
H1Bi2Sr2Ca1Cu2O,True
Hg0.76Tl0.76Ba1Cu1O4.5,True
Y1Ba2Cu3O7,True
Y1Ba1.5Sr0.5Cu3O7,True
Y1Ba2Cu3O6.858,True
Y1Ba2Cu3O6.81,True
Y0.91Pr0.05Ca0.04Ba2Cu3O7,True
Bi2Sr2Ca1Cu2O8,True
Y1Ba2Cu3O7,True
Y1Ba2Cu3O7,True
Y0.95Ca0.05Ba1.9Nd0.1Cu3O,True
Hg0.9Re0.1Ba2Cu1O4.33,True
Tm1Ba2Cu3O6.86,True
Y0.95Ca0.05Ba2Cu4O8,True
Bi2Sr2Ca1Cu2O8.19,True
Bi2Sr2Ca2Cu3Zn0.017C0.544H0.272N0.136O,True
Bi2Sr1.6Ca1.2Gd0.2Cu2O8.26,True
Y0.981Ba1.994Ca0.025Cu4O8,True
Bi2Sr2Ca1Cu2O,True
Bi2Sr1.6Ca1.2Eu0.2Cu2O8.26,True
Dy1Ba1.97Cu3.06O7,True
Y1Ba2Cu3Li0.06O7,True
Bi2Sr2Ca0.8Pr0.2Cu2O8,True
Y1Ba2Cu3O6.82,True
Y1Ba2Cu2.9Fe0.1O7.293,True
Bi2Sr2Ca1Cu1.4K0.6O8,True
Y0.95Ca0.05Ba2Cu4O8,True
Tl1Sr2Ca0.1Y0.9Cu2O6.97,True
Yb0.9Ca0.1Ba1.8Sr0.2Cu4O8,True
Y0.98Ca0.02Ba2Cu4O8,True
Bi2Sr2Ca1Cu2O8,True
Bi1.8Pb0.2Sr2Ca0.8Nd0.2Cu2O8.21,True
Y0.8Pr0.05Ca0.15Ba2Cu3O6.83,True
Bi1.8Pb0.2Sr2Ca1Cu2O8,True
Y0.85Ca0.15Ba2Cu2.85Co0.15O,True
Bi2Sr2Ca0.7Lu0.3Cu2O8,True
Bi2Sr2Ca1Cu1.3K0.7O8,True
Y0.95Ca0.05Ba1.8Nd0.2Cu3O,True
La0.5Er0.5Ba2Cu3O,True
Bi2Sr2Ca1Cu2O,True
Tl2Ba2Cu1O6,True
La0.5Ho0.5Ba2Cu3O,True
Tl1Sr2Ca0.7Y0.3Cu2O6.84,True
Yb1Ba2Cu3O6.71,True
Mo0.25Sr2Y1Cu2.75O7,True
Ba2Ca1Cu2F1.8O4.2,True
Bi2Sr2Ca0.9Er0.1Cu2O8,True
Y1Ba2Cu3O7,True
Tl1Sr2Ca0.6Y0.4Cu2O6.86,True
Hg1Ba2Cu1O4.043,True
La0.5Lu0.5Ba2Cu3O,True
Y0.92Ca0.08Ba2Cu3O7,True
Bi2Sr2Ca0.91Gd0.09Cu2O,True
Hg1Ba2Cu1O4,True
Y0.9Ca0.1Ba1.8La0.2Cu3O6.97,True
Pb0.38Bi1.75Sr1.75Ca1.1Cu2O,True
Tl1Sr1.6Yb0.4Ca1Cu2O7,True
Bi1.6Pb0.4Sr2Ca0.8Nd0.2Cu2O8.16,True
Ho0.7Ca0.3Ba2Cu4O8,True
Ho0.8Ca0.2Ba2Cu4O8,True
Bi1.4Pb0.6Sr2Ca0.8Nd0.2Cu2O8,True
Ho0.85Ca0.15Ba2Cu4O8,True
Ho0.9Ca0.1Ba2Cu4O8,True
Bi2Sr2Ca0.91Gd0.09Cu2O8,True
Tl2Ba2Cu1O5.876,True
Y0.8Sc0.2Ba2Cu4O8,False
Y1Ba2Cu2.94Ga0.06O7,True
Lu1Ba2Cu3O7,True
Bi2Sr2Ca1Cu2O8.15,True
Bi2Sr2Ca1Cu2O8.27,True
Y1Ba1.9La0.1Cu3O6.92,True
Y1Ba2Cu2.94Al0.06O7,True
Hg1Ba2Cu1O4.28,True
Tl2Ba2Ca1Cu2O8,True
Bi1.6Pb0.4Sr1.8Ca1Nd0.2Cu2O8.11,True
Hg1Ba2Ca4Cu5O,True
Y1Ba2Cu2.97Ni0.03O,True
Gd1Ba2Cu3O,True
Y2Ba4Cu7O15.03,True
Bi2Sr2Ca0.8Y0.2Cu2O,True
Y0.88Pr0.1Ca0.02Ba2Cu3O7,True
Y0.88Ca0.12Ba2Cu2.88Co0.12O6.78,True
Bi2.2Sr2Ca0.8Cu2O8,True
Y0.3Cd0.7Ba2Cu3O7,False
Bi2.2Sr1.8Ca1.05Cu1.95Na0.2O8,True
Y0.75Sc0.25Ba2Cu3O7,False
Nd1Ba2Cu3O7,True
Sm1Ba2Cu3O7.01,True
Sm1Ba2Cu3O6.9,True
Y1Ba2Cu2.97Ni0.03O7,True
Lu1Ba2Cu3O,False
Y1Ba2Cu2.94Ga0.06O7,True
Bi2Sr2Ca1Cu1.8Li0.2O,True
Gd1Ba2Cu2.93Fe0.07O,True
Y1Ba2Cu3O6.791,True
Gd0.95Hf0.05Ba2Cu3O6.91,True
Bi2Sr2Ca1Cu2Li0.1O,True
Y0.375Lu0.625Ba2Cu3O,True
Y1Ba2Cu3Li0.06O7,True
Ho1Ba1.5Sr0.5Cu3O7,True
Gd1Ba1.95Pr0.05Cu3O7.03,True
Y1Ba2Cu0.925Co0.075O7,True
Lu0.8Pr0.2Ba2Cu3O7,True
Y1Ba2Cu2.95Ni0.05O,True
Ho0.9Pr0.1Ba2Cu3O7,True
Tl2Ba2Ca0.85Y0.15Cu1.96Co0.04O8,True
Y1Ba2Cu2.955Fe0.045O7,True
Y1Ba2Cu3Li0.06O7,True
Y1Ba2Cu3O7,True
Y0.5Lu0.5Ba2Cu3O,True
Y1Ba2Cu3O6.82,True
Hg1Ba2Cu1O4.27,True
Y0.97Ca0.03Ba2Cu3O6.97,True
Y1Ba2Cu3O7,True
Bi2Sr2Ca0.8Y0.2Cu2O8,True
Y1Cu2.99Zn0.01O7,True
Bi2Sr2Ca1Cu2I0.03O8.21,True
Dy1Ba1.5Sr0.5Cu3O7,True
Gd0.95Pr0.05Ba2Cu3O7,True
Bi2.2Ca1Sr1.9Cu2O8,True
Y1Ba2Cu3H0.6O6.91,True
Y1Ba2Cu3O7,True
Y1Ba2Cu2.94Mn0.06O,True
Yb0.85Pr0.15Ba2Cu3O6.97,True
Y1Ba2Cu2.975Ni0.025O7,True
Tl2Ba2Cu1O6,True
Bi2Sr2Ca1Cu2O8.11,True
Bi4Ca3Sr3Cu4O16,True
Y1Ba2Cu2.99Zn0.01O7,True
Y1Ba2Cu2.925Fe0.075O7,True
H0.16Y1Ba2Cu3O,True
Y1Ba2Cu0.91Co0.09O7,True
Y1Ba2Cu3O7,True
Y0.98Ca0.02Ba2Cu3O7,True
Y1Ba2Cu2.94Fe0.06O7,True
Sm0.33Ba0.67Cu1O7,True
Bi2Sr2Ca1Cu2O8.11,True
Bi2Sr2Ca1Cu2O8,True
Bi1.6Pb0.4Sr2Ca2Cu2.6Mn0.4O,True
Gd1Ba2Cu2.98Zn0.02O7,True
Bi2Sr2Ca1Cu2O,True
Bi2Sr2Ca0.75Y0.25Cu2O8,True
Y1Ba1.5Sr0.5Cu3O6.91,True
Y1Ba1.5Sr0.5Cu3O6.9,True
Gd1Ba2Cu2.94Mn0.06O,True
Er0.25Yb0.75Ba2Cu3O7,True
Bi2Sr1.85Ba0.15Ca1Cu2O,True
Sm1Ba2Cu2.98Zn0.02O7,True
Gd0.7Ca0.15Mo0.15Ba2Cu3O6.716,True
Sm1Ba1Cu3O6.94,True
Y1Ba2Cu2.94Ni0.06O6.9,True
Gd0.65Ca0.2Hf0.15Ba2Cu3O6.96,True
Y0.925Ca0.075Ba2Cu3O6.93,True
Dy1Ba1.5Sr0.5Cu3O6.9,True
Eu1Ba2Cu2.98Zn0.02O7,True
Y1Ba2Cu3O6.77,True
Bi2Sr2Ca1Cu2O8,True
Y1Ba2Cu2.955Ni0.045O6.95,True
Y1Ba2Cu2.92Fe0.08O7,True
Gd1Ba2Cu2.95Ni0.05O,True
Y0.9Pr0.05Ca0.05Ba2Cu3O7,True
Y1Ba2Cu3O,True
Gd1Ba2Cu2.97Mn0.03O,True
Bi2Sr2Ca1Cu2O8,True
Nd0.95Ca0.025Pr0.025Ba2Cu3O7,True
Nd0.95Ca0.025Pr0.025Ba2Cu3O6.95,True
Y1Ba2Cu2.95Co0.05O,True
Y1Ba2Cu2.97Al0.03O7,True
Tl1Ba2Ca0.9Y0.1Cu2O7,True
Bi4Sr3Ca1.5Y1.5Cu4O16,True
Bi2Sr2Ca0.8Gd0.2Cu2O8,True
Y0.9Ca0.1Ba1.9La0.1Cu3O6.95,True
I1Bi2Sr2Ca0.6Y0.4Cu2O,True
Sr2Nd0.2Ca0.8Cu2F1O5,True
Y1Ba2Cu3Li0.3O7,True
Y0.962Ba1.987Ca0.05Cu3O,True
Y1Ba1Sr1Cu2.9Mo0.1O7.16,True
Eu1Ba2Cu2.98Zn0.02O7,True
Ga0.3Hg0.7Sr2Y0.3Ca0.7Cu2O,True
Gd1Ba2Cu2.98Zn0.02O7,True
Ga0.5Hg0.5Sr2Y0.5Ca0.5Cu2O,True
Er1Ba2Cu2.85Zn0.15O7,True
Y0.9Ca0.1Ba1.9La0.1Cu3O,True
Y1Ba2Cu3O,True
Bi2Sr2Ca0.57Y0.43Cu2O8,True
Bi2Sr2Ca0.6Y0.4Cu2O,True
Lu0.9Pr0.1Ba2Cu3O7,True
Y1Ba2Cu2.94Fe0.06O7,True
Tl1Sr2Ca2Cu3O9.4,True
Y1Ba2Cu2.94Al0.06O6,True
Y1Ba2Cu2.98Ni0.02O6.94,True
Bi1.64Pb0.36Sr2Ca0.79Y0.21Cu2O8,True
Tl2Ba2Cu1O6,True
Er0.95Ca0.05Ba2Cu3O6.935,True
Sm1Ba2Cu3O7,True
Gd1Ba1Sr1Cu3O6.94,True
Er1Ba2Cu3O7,True
Er0.95Hf0.05Ba2Cu3O6.938,True
Tm0.9Ca0.1Ba2Cu3O7,True
Y1Ba2Cu3O7,True
Y1Ba1.99Cu2.847Ag0.153O6.7,True
Nd0.9Ca0.1Ba2Cu3O7,True
Y1Ba1.95La0.05Cu3O6.89,True
Nd1Ba1.6Sr0.4Cu3O6.94,True
Tl1Sr2Ca2Cu3O,True
Y1Ba1.6Nd0.4Cu3O,True
Lu1Ba2Cu3O7,True
Bi2Sr2Ca1Cu2O,True
Y1Ba2.01Cu3.11O7,True
Bi1.7Pb0.3Sr2Ca1.925Sm0.075Cu3O,True
Y1Ba1.5Sr0.5Cu3O6.98,True
Bi2Sr2Ca1Cu2O8.16,True
Hg1.46Cl1.46Bi2Sr2Ca1Cu2O,False
Y0.25Lu0.75Ba2Cu3O,True
Nd1.04Ba1.96Cu3O7,True
Bi1.75Pb0.25Sr2Ca1Cu2.25Sn0.05O,True
Dy1Ba2Cu3O6.879,True
Bi2Sr2Ca0.7Y0.3Cu2O8.3,True
Bi2Sr2Ca0.9Pr0.1Cu2O8,True
Bi2Sr2Ca1Cu2O8.26,True
Hg1Ba2Cu1O4,True
Bi2Sr1.7La0.3Ca1Cu2O,True
Y0.76Ca0.24Ba2Cu2.85Co0.15O6.8,True
Y0.85Ca0.15Ba2Cu2.85Co0.15O6.83,True
Y0.8Ca0.2Ba2Cu2.85Co0.15O6.84,True
Y0.85Ca0.15Ba2Cu2.85Co0.15O6.97,True
Y1Ba1.4Sr0.6Cu3O6.8,True
Y1Ba1.2Sr0.8Cu3O6.8,True
Bi2Sr2Ca1Cu2O8.23,True
Y1Ba2Cu4O7.96,True
Tl1Bi1Sr2Ca1Cu2O7,True
Tl1Sr1.5Sm0.5Ca1Cu2O7,True
Gd1Ba2Cu3O7,True
Er1Ba2Cu2.9Ga0.1O6.78,True
Tl0.76Ba1Cu1O4.5,True
Bi2Sr2Ca1Cu2O8.248,True
Bi2Sr2Ca0.7Na0.3Cu2O8,True
Tl0.8Mo0.2Sr2Ca1Cu2O7,True
Bi2Sr2Ca1Cu2O8,True
Y1Ba1.8K0.2Cu3O,True
Y1Ba1.9K0.1Cu3O,True
Y1Ba1.95K0.05Cu3O,True
Y1Ba2Cu3O6.95,True
Bi2.2Sr1.8Ca1.05Cu2.05Na0.1O8,True
Yb0.9Ca0.1Ba1.6Sr0.4Cu4O8,True
Bi2.2Sr1.8Ca1.05Cu1.25Na0.9O8,False
YbCa0.2Ba1.6Sr0.4Cu4O8,True
Y1Ba2Cu2.55Mn0.45O7,False
Bi2Sr1.6Ca1.2La0.2Cu2O8.27,True
Y1Ba2Cu3H0.21O7,True
Y1Ba2Cu2.985Zn0.015O6.95,True
Bi2Sr1.6Ca1.2Nd0.2Cu2O8.26,True
Bi2Sr2Ca0.8Y0.2Cu2O8.34,True
I1Bi4Sr4Ca2Cu4O,True
Tm1Ba2Cu2.85Fe0.15O7,True
Y0.9Pr0.1Ba2Cu3O7,True
Tm1Ba2Cu2.925Ni0.075O7,True
Nd1.08Ba1.92Cu3O,True
Tl1Sr2Sr0.5Nd0.5Cu2O7,True
Y0.5La0.5Ba2Cu3O7.01,True
Y1Ba2Cu2.97Li0.03O7,True
Bi1.8Pb0.2Sr1.8Ca1Nd0.2Cu2O8.2,True
Nd1Ba2Cu2.98Zn0.02O7,True
Y0.9Pr0.1Ba2Cu3O6.95,True
Bi1.6Pb0.4Sr2Ca2Cu2.6Zn0.4O,True
Y0.89Pr0.05Ca0.06Ba2Cu3O7,True
Y0.9Pr0.1Ba2Cu3O6.98,True
Y1Ba2Cu2.94Fe0.06S0.06O,True
Y1Ba2Cu2.94Ni0.06O7,True
Y1Ba1.5Sr0.5Cu3O6.95,True
Sr2Nd0.1Ca0.9Cu2F1O5,True
Y0.8Ca0.2Ba1.8Nd0.2Cu3O,True
Bi2Sr2Ca1Cu2O8,True
Bi2Sr2Ca1Cu1.98Co0.02O,True
Bi4Sr3Ca1.4Y1.6Cu4O16,True
Bi4Sr3Ca2.55Y0.45Cu4O,True
Bi2Sr2Ca1Cu2O8,True
Y1Ba2Cu3H0.69O6.91,True
Bi1.7Pb0.4Sr2Ca1.1Cu2.1Nd0.5O,True
Y0.8Ca0.2Ba2Cu4O8,True
Gd1Ba1.5Sr0.5Cu3O7,True
Bi2Sr2Ca1Cu2O8,True
Ba1.8Sr0.2Yb1Cu3O6,True
Y1Ba2Cu0.27Zn0.03O,True
Bi2.1Sr1.7Ca1.1Cu2O,True
Tl2Ba2Ca0.95Y0.05Cu1.88Co0.12O8,True
Bi2.03Sr2Ca0.9Cu2O,True
Y0.8Ca0.2Ba1.8La0.2Cu3O,True
Y0.95Pr0.05Ba2Cu3O6.85,True
Y1Ba1.5Sr0.5Cu3O7,True
Bi2Sr2Ca1Cu2O,True
Er1Ba2Cu3O,True
Y1Ba1.95Cs0.05Cu3O7,True
Bi1.6Pb0.4Sr1.8Ca0.9Cu2O,True
Y0.9Pr0.1Ba2Cu3O7,True
Y1Ba1.25Sr0.75Cu3O6.928,True
Y0.9Ca0.1Ba1.6Sr0.4Cu4O7.8,True
Y1Ba2Cu3O7,True
Y0.86Pr0.1Ca0.04Ba2Cu3O7,True
Hg0.8Mo0.2Sr2Y0.35Ca0.65Ca2O6,False
Er1Ba2Cu2.98Zn0.02O7,True
Nd1Ba2Cu2.98Zn0.02O7,True
Bi2Sr2Ca1Cu2O8.17,True
Bi2Sr2Ca0.78Pr0.22Cu2O,True
Y1Ba2Cu3O7,True
Y1Ba2Cu3O6.78,True
Bi2Sr2Ca1Cu2O8,True
Y1Ba1.9Ca0.1Cu4O8,True
Gd0.98Ca0.02Ba2Cu3O7,True
Y0.9Ca0.1Ba2Cu3O6.87,True
Y1Ba2Cu3O6.7,True
Y0.95Ca0.05Ba2Cu4O8,True
Nd0.9Ca0.1Ba2Cu3O7,True
Bi2Sr1.8La0.2Ca1Cu2O,True
Y1Ba2Cu3O6.76,True
Y0.625La0.375Ba2Cu3O7,True
Dy1Ba1.4Sr0.6Cu3O6.91,True
Bi2Sr2Ca1Cu2O8.2,True
Y0.9Ca0.1Ba2Cu3O,True
Hg1.4Tl0.6Ba2Ca2Cu3O,True
Bi2.12Sr1.71Ca1.22Cu1.95O,True
Yb1Ba2Cu2.982Zn0.018O6.9,True
Eu1Ba2Cu3O7,True
Nd0.97Pr0.03Ba2Cu3O7,True
Bi2Sr2Ca1Cu2O8,True
Y0.9Pr0.1Ba2Cu3O,True
Tl0.6Sr1.8Yb0.2Ca1Cu2.4O7,True
Bi2Sr2Ca1Cu2O8,True
Bi2Sr1.9La0.1Ca1Cu2O,True
Hg1Ba2Cu1O4.08,True
Y1Ba1.48Sr0.52Cu3O7,True
Hg0.4Pr0.6Sr2.7Pr0.3Cu2O6,False
Hg0.8Bi0.2Ba2Cu1O4.2,True
Y1Ba1Sr1Cu2.95Mo0.05O7.07,True
Bi1.7Pb0.3Sr2Ca1.9Sm0.1Cu3O,True
Bi2.1Sr1.9Ca1Cu2O8,True
Tl2Ba2Cu1O6,True
Ba1.96Ca0.12Y0.92C0.21Cu2.79O,True
Y1Ba2Cu3O6.82,True
Tl0.5Pb0.5Sr2Ca1Cu2O7,True
Y0.75Ca0.25Ba2Cu2.75Co0.25O,True
Lu0.93Pr0.07Ba2Cu3O7,True
Y1Ba2Cu2.925Mn0.075O7,True
Y1Ba2Cu2.8Al0.2O6.91,True
Er1Ba2Cu3O6.67,True
Y1Ba2Cu2.94Fe0.06O6.929,True
Y0.6La0.4Ba2Cu3O6.92,True
Bi8Sr6Ca6Cu9O33.912,True
Y0.4La0.6Ba2Cu3O6.99,True
Bi2Sr2Ca1Cu1.5K0.5O8,False
Eu1Ba2Cu3S1O6,False
B1Sr2Ca4Cu5O13,True
Er2Ba4Cu7O15,True
Tl2Ba2Ca0.8Y0.2Cu2O8,True
Lu0.9Pr0.1Ba2Cu3O2,False
Y1Ba2Cu3O7,True
Hg1Ba2Cu0.98Zn0.02O4,True
Hg1Ba2Cu0.97Mg0.03O4,True
Gd1Ba2Cu2.94Fe0.06O7,True
Y1Ba2Cu2.94Fe0.06O6.85,True
Bi2Sr2Ca1Cu1.4K0.6O8,True
B1Sr2Ca4Cu5O5,True
Bi1.6Pb0.4Sr2Ca0.6Nd0.4Cu2O8.26,True
Nd0.4Ba0.6Cu1O,True
Ho1Ba2Cu3O8,True
YbCa0.4Ba1.6Sr0.4Cu4O8,True
Hg1Ba2Cu1O4,True
Y1Ba2Cu2.91Ni0.09S0.09O,True
Tl1Sr2Ca0.8Y0.2Cu2O6.82,True
Y1Ba2Cu2.94Ni0.06O6.97,True
Bi2Sr2Ca1Cu2O,True
Y0.76Ca0.24Ba2Cu2.76Co0.24O6.84,True
Bi2.01Sr1.93Ca0.79Y0.24Cu1.94O,True
Y1Ba1.9Ca0.1Cu3O6.84,True
Bi1.8Pb0.2Sr2Ca2In1Cu3O,True
Yb0.9Ca0.1Ba1.4Sr0.6Cu4O8,True
Y0.9Pr0.1Ba2Cu3O6.965,True
Y1Ba2Cu2.84Fe0.16O7.303,True
Y1Ba2Cu3O6.96,True
Bi1Sr1Ca1Cu1O1,True
Hg0.8Ba2Cu1.2O4,True
Ho1Ba2Cu2.85Fe0.15O7,True
Bi1Pb1Sr2Y0.5Ca0.5Cu2O8,True
Bi2Sr2Ca1Cu2O8.16,True
Nd1Ba2Cu3O7,True
Bi2Sr2Ca0.9Y0.1Cu2O8.23,True
Bi2Sr1.8La0.2Ca1Cu2O8,True
Y1Ba2Cu2.988Zn0.012O,True
Hg0.7V0.3Ba1.5Sr0.5Cu1O4.6,True
Gd1Ba1Sr1Cu3O7,True
Tl2Ba2Ca1Cu2O8,True
Bi2Sr1.9Ca1Cu1.8O8,True
Y1Ba2Cu2.988Zn0.012O7,True
Y1Ba1.8Sr0.2Cu3O7,True
Bi2Sr2Ca1Cu2O8.196,True
Bi2.1Sr1.7Ca0.9Cu2O,True
Bi2Sr2Ca1Cu2O8,True
Bi2Sr2Ca1Cu1.95K0.5O8,True
Y1Ba1.7Nd0.3Cu3O,True
Bi1.75Pb0.25Sr2Ca1Cu2.3O,True
Hg1Ba2Ca4Cu5O,True
Tl0.9Bi0.1Sr1.8Yb0.2Ca0.7Cd0.3Cu1.99Fe0.01O7,True
Y1Ba2Cu3O6.72,True
Lu1Ba2Cu3O7,True
Nd1Ba2Cu2.95Ni0.05O,True
Gd1.05Ba1.95Cu3O6.94,True
Y1Ba2Cu2.94Ni0.06O7.01,True
Y0.87Pr0.13Ba2Cu3O7,True
Y1Ba2Cu2.9Al0.1O7.1,True
Bi0.7Pb0.3Sr1Ca1Cu1.5PO,False
Y1Ba2Cu2.95Ni0.05O6.94,True
Y1Ba2Cu2.98Zn0.02O7,True
Bi2Sr2Ca1Cu2O8,True
Bi2Sr2Ca1Cu1.9Sn0.1O8,True
Y1Ba2Cu3O6.937,True
Tm0.95Ca0.05Ba2Cu4O8,True
Bi2Sr2Ca0.57Y0.43Cu2O8,True
Y0.95Ca0.05Ba2Cu3O,True
Y0.8Ca0.2Ba2Cu3O6.5,True
Bi1.6Pb0.4Sr2Ca1.99Sm0.01Cu3O,True
Y1Ba2Cu3O6.838,True
Er1Ba2Cu2.98Zn0.02O7,True
Dy1Ba2Cu2.98Zn0.02O7,True
Y1Ba2Cu2.98Zn0.02O7,True
Er0.6Ca0.25Hf0.15Ba2Cu3O7.02,True
Bi2.2Sr1.72La0.08Ca1Cu2O8,True
Y1Ba2Cu2.95Ni0.05O7,True
Bi2Sr2Ca1Cu2O8,True
Dy1Ba1.2Sr0.8Cu3O6.9,True
Y1Ba2Cu2.98Zn0.02O7,True
Y0.84Pr0.1Ca0.06Ba2Cu3O7,True
Hg1.4Tl0.6Ba2Y0.6Ca0.4Cu2O7.78,True
Y0.9Ca0.1Ba1.8Nd0.2Cu3O,True
Y0.8Ca0.2Ba2Cu3O7,True
Y0.85Ca0.05Pr0.1Ba2Cu3O6.95,True
Y0.85Ca0.15Ba1.8Nd0.2Cu3O,True
Y0.7Ca0.3Ba1.7La0.3Cu3O,True
Y1Ba1.3Sr0.7Cu3O6.98,True
Y1Ba2Cu1O8,True
Gd1Ba2Cu2.9Ni0.1O,True
Bi2Sr2Ca1Cu1.988Zn0.012O8,True
Tl1Sr2Sr0.5Tm0.5Cu2O7,True
Tl1Ba2Ca0.7Gd0.3Cu2O7,True
Y1Ba2Cu3O,True
Y0.85Pr0.15Ba2Cu3O7,True
Bi2Sr2Ca0.8Y0.2Cu2O8,True
Bi4Ca3Sr3Cu4O16,True
Y1Cu2.98Zn0.02O7,True
Y1Ba1.95Cs0.05Cu3O,True
Tl1Sr2Sr0.5Pr0.5Cu2O7,True
Tl0.5Pb0.5Ca1Sr2Cu2O7,True
Bi2Sr2Ca1Cu1.8Sn0.2O8,True
Er0.82Ca0.18Ba2Cu2.82Co0.18O6.71,True
Nd0.9Ca0.1Ba2Cu3O6.63,True
Eu1Ba2Cu3O7,True
Y1Ba2Cu3O6.85,True
Y0.9Ca0.1Cu3O7,True
Y1Ba2Cu3O7,True
Nd0.95Pr0.05Ba2Cu3O7,True
Bi4Sr4Ca1.5Ho0.5Cu4O16,True
Bi4Sr4Ca1.5Er0.5Cu4O16,True
Bi4Sr4Ca1.5Eu0.5Cu4O16,True
Bi4Sr4Ca1.5Tm0.5Cu4O16.5,True
Bi2Sr2Ca0.83Pr0.17Cu2O,True
Hg1.5Pb0.5Ba2Y0.7Ca0.3Cu2O8,True
Hg1.4Tl0.6Ba2Y0.6Ca0.4Cu2O8,True
Hg1.4Tl0.6Ba2Y0.5Ca0.5Cu2O8,True
Sm0.4Ba0.6Cu1O3,True
Y0.8Ca0.2Ba2Cu3O6.78,True
Gd0.9Hf0.1Ba2Cu3O6.88,False
Bi2Sr2Ca1Cu2O,True
Y0.85Ca0.15Ba1.9Nd0.1Cu3O,True
Y0.925Ba1.975Ca0.1Cu3O,True
Dy1Ba1.8Sr0.2Cu3O6.89,True
Bi2Sr2Ca0.83Pr0.17Cu2O,True
Y0.9Ca0.1Ba2Cu3O6.91,True
Bi1.7Pb0.3Sr2Ca0.92Nd0.08Cu2O8.16,True
Bi2Sr2Ca0.81Gd0.19Cu2O8,True
Y0.8Ca0.2Ba2Cu3O6.8,True
Bi2.2Sr1.72La0.08Ca1Cu2O8,True
Y0.9Pr0.1Ba2Cu3O7,True
Y0.9Ca0.1Ba2Cu3O6.8,True
Gd0.65Ca0.2Mo0.15Ba2Cu3O6.818,True
Er0.9Pr0.1Ba2Cu3O,True
Bi1Sr1Ca1Cu1O1,True
Bi2Sr2Ca2Cu2O,True
Y2Ba4Cu7O15,True
Gd0.922Pr0.078Ba2Cu3O7,True
Bi3.6V0.4Sr4Ca5Cu7O,True
Y0.8Ca0.2Ba2Cu2.8Co0.2O,True
Tl1.9Ca0.03Ba2Cu1O,False
Hg0.7Mo0.3Sr2Ca0.3Y0.7Cu2O,True
Y1Ba1.5Sr0.5Cu3O,True
Y1Ba2Cu2.95Co0.05O,True
Bi2Sr1.3Ca0.7Cu1O6.15,True
Ho1Ba2Cu2.775Ni0.225O7,True
Bi2Sr2Ca1Cu2O8.27,True
Bi2.1Sr1.9Ca1Cu1.988Zn0.012O,True
Y0.95Ca0.05Ba2Cu4O8,True
Bi1.4Pb0.6Sr1.8Ca1Nd0.2Cu2O8,True
Sm1Ba2Cu2.98Fe0.02O6.76,True
Nd0.6Ca0.4Ba0.6La0.4Cu3O6.83,True
Bi2Sr2Ca1Cu2O,True
Y1Ba2Cu3O7,True
Tm1Ba2Cu2.85Ni0.15O7,True
Bi2Sr2Ca1Cu2O8.234,True
Cu0.5P0.5Sr2Ca1.9Y0.1Cu3O9.3,True
Bi2Sr2Ca0.85Y0.15Cu2O8,True
Hg1.5Pb0.5Ba2Y0.5Ca0.5Cu2O8,True
Y1Ba2Cu2.88Co0.12O7,True
Y1Ba2Cu2.88Zr0.12O7,True
Bi2Sr2Ca0.83Pr0.17Cu2O8,True
Bi2Sr1.3Ca0.7Cu1O8,True
Yb0.8Pr0.2Ba2Cu3O7,True
Y0.8Ca0.2Ba1.8La0.2Cu3O6.94,True
Hg1.4Tl0.6Ba2Y0.5Ca0.5Cu2O7.74,True
Y1Ba2Cu2.984Zn0.016O7,True
Y0.9Ca0.1Ba2Cu2.85Co0.15O6.91,True
Eu1Ba1Sr1Cu3O6.95,True
Tl1Sr1.5Yb0.5Ca1Cu2O7,True
Bi2Sr2Ca1Cu2O8,True
La0.5Y0.5Ba2Cu3O,True
Y1Ba2Cu2.97Fe0.03O7,True
Y1Ba2Cu2.979Zn0.021O7,True
Y0.7Ca0.3Ba2Cu2.7Co0.3O6.93,True
La0.5Tm0.5Ba2Cu3O,True
Bi1.6Pb0.4Sr2Cu3Ca2O10.11,True
Y1BaNa0.05Cu3O,True
Y0.8La0.2Ba2Cu3O6.9,True
Y1Ba1.9La0.1Cu2.9Al0.1O,True
Y1BaNa0.1Cu3O,True
Tl1Sr1.5Tm0.5Ca1Cu2O7,True
Yb0.9Ca0.1Ba1.2Sr0.8Cu4O8,True
Bi2Sr2Ca0.9Y0.1Cu2O8,True
Y1Ba2Cu3O6.86,True
Hg1.4Tl0.6Ba2Y0.4Ca0.6Cu2O8,True
I1Bi2Sr2Ca0.8Y0.2Cu2O,True
Y1Ba2Cu3O,True
Er0.76Ca0.24Ba2Cu2.76Co0.24O6.92,True
Gd1Ba2Cu3H0.12O6.89,True
Gd1Sr0.8Ba1.2Cu3O,True
Tl2Ba2Cu1O6,True
Y1Ba2Cu2.94Cr0.06O7,True
Y1Ba2Cu3O6.8,True
Y1Ba2Cu2.94Ni0.06O7,True
Hg0.75Re0.22Ba2Ca6Cu7O,True
Bi1.8Pb0.2Sr2Ca2In0.6Cu3O,False
Y1Ba2Cu2.4Mn0.6O7,True
Y1Ba2Cu2.993Zn0.007O7,True
Cu0.5P0.5Sr2Ca1.9Y0.1Cu3O9.4,True
Y1BaNa0.2Cu3O,False
Bi2Sr2Ca1Cu2I0.1O8.21,True
Er1Sr0.8Ba1.2Cu3O,True
Bi4Sr4Ca1.8Tm0.2Cu4O16.38,True
Bi4Sr4Ca1.9Tm0.1Cu4O16.28,True
Y0.85Pr0.05Ca0.1Ba2Cu4O8,True
Gd0.7Ca0.15Hf0.15Ba2Cu3O6.93,True
Dy1Ba2Cu3O7,True
Y0.925Ca0.075Ba2Cu4O8,True
Y1Ba2Cu3Li0.5O7,True
Bi2Sr2Ca1Cu1.7Sn0.3O8,False
Y1Ba2Cu2.91Ga0.09O7,True
Y0.9Ca0.1Ba1.9Nd0.1Cu3O,True
Bi2Sr2Ca1Cu2O8.231,True
Bi2Sr2Ca1Cu2O,True
Gd0.6Ca0.25Mo0.15Ba2Cu3O6.761,True
Y1Ba2Cu3O6.75,True
Bi4.4Sr3.6Ca2Cu4O,True
Tm1Ba2Cu3O6.87,True
Y1Ba2.85Pr0.15Cu3O7,True
Y1Ba1Sr1Cu3O6.98,True
Sm1Ba2Cu3O6.813,True
Yb0.8Pr0.2Ba2Cu3O7,True
Tl0.5V0.5Sr2Ca1Cu2O,False
Tl1Sr2Sr0.5Y0.5Cu2O7,True
Tl1Sr2Sr0.5Ho0.5Cu2O7,True
Y1Ba1Sr1Cu3O6.8,True
Y0.93Ca0.07Ba2Cu4O8,True
Y1Ba2Cu2.97Zn0.03O7,True
Tl1Sr2Sr0.5Gd0.5Cu2O7,True
Tl1Sr2Sr0.5Er0.5Cu2O7,True
Bi2Sr2Ca0.9Lu0.1Cu2O8,True
Y0.9Ca0.1Ba2Cu4O8,True
Y1Ba2Cu2.94Ni0.06O7,True
Y1Ba2Cu2.94Ni0.06O6.94,True
Bi2Sr1.85Ba0.15Ca1Cu2O,True
Bi2.2Sr1.8Ca1Cu2O8,True
Y1Ba2Cu2.1Ti0.9O,False
Bi2Sr2Ca1Cu2O8,True
Y1Ba1Sr1Cu3O6.96,True
Nd1Ba1.9La0.1O6.86,True
Y0.94Ca0.06Ba2Cu3O6.97,True
Y0.82Pr0.1Ca0.08Ba2Cu3O7,True
Tl0.9Bi0.1Sr1.8Yb0.2Ca0.6Cd0.4Cu1.99Fe0.01O7,True
Er1Ba2Cu2.9Ni0.1O,True
Y1Ba2Cu2.095Al0.095O6.81,True
Bi2Sr2Ca0.9Nd0.1Cu2O,True
Y1Ba1Sr1Cu3O6.947,True
Y0.9Ca0.1Ba2Cu3O6.93,True
Yb1Ba2Cu2.98Zn0.02O7,True
Y1Ba1.926Ca0.074Cu4O8,True
Y1Ba1.9Pr0.1Cu3O,True
Y0.9Pr0.1Ba2Cu3O7,True
Y1Ba2Cu3O6.98,True
Tm0.93Ca0.07Ba2Cu4O8,True
Bi2Sr2Ca1Cu2O,True
Y1Ba2Cu2.985Zn0.015O7,True
Y1Ba1.7La0.3Cu3O,True
Y1Ba2Cu3O6.85,True
Er0.95Ca0.05Ba2Cu4O8,True
Y1Ba2Cu3O6.8,True
Eu1Ba1.93Cu2.92O7,True
Bi1.7Pb0.4Sr2Ca1.1Cu2.1Nd0.1O,True
Bi2Sr2Ca0.95Pr0.05Cu2O8,True
Y1Ba2Cu3O7,True
Y1Ba2Cu3O6.8,True
Bi2.2Sr1.72La0.08Ca1Cu2O8,True
Eu0.9Pr0.1Ba2Cu3O6.78,True
Y0.5Sc0.5Ba2Cu3O7,False
Y1Ba2Cu2.85Ni0.15S0.15O,True
Lu0.9Pr0.1Ba2Cu3O7,True
Y1Ba2Cu2.94Ni0.06O7,True
Er1Ba2Cu2.91Fe0.09O6.96,True
Tl2Ba2Cu1O6,True
Bi1Pb1Sr2Y0.6Ca0.4Cu2O8,True
Y0.95Ca0.05Ba2Cu2.85Co0.15O6.82,True
Bi1.8Pb0.2Sr2Ca2In0.4Cu3O,False
Y1Ba1.95K0.05Cu3O,True
Y1Ba2Cu3O,True
Bi2Sr2Ca1Cu1.998Zn0.002O8,True
Hg1Ba2Cu0.97Zn0.03O4.081,True
Nd1Ba1.5Sr0.5Cu3O6.91,True
Sm1.15Ba1.85Cu3O7,True
Bi2.1Sr1.8Ca1Cu1.982Zn0.018O8,True
Bi2Sr1.5Ca1.5Cu2O8.19,True
Y1Ba2Cu2.9775Zn0.0225O6.93,True
Y0.6Ca0.4Ba1.6La0.4Cu3O,True
Y1Ba2Cu3O7,True
Y0.8Pr0.1Ca0.1Ba2Cu3O7,True
Sr2Ca1Cu2.8O7.5,True
Bi2Sr2Ca0.8Pr0.2Cu2O8,True
Bi2.1Sr1.5Ca0.4Cu1O6,True
Al1Sr2Ca5Cu5O,False
Y0.6Ca0.4Ba1.4La0.6Cu3O7.07,True
Yb0.9Ca0.1Ba2Cu4O,True
Y0.85Ca0.15Ba2Cu3O6.65,True
Bi2Sr2Ca0.8Tb0.2Cu2O,True
Y0.9Pr0.1Ba2Cu3O6.96,True
Y1Ba2Cu3O6.7,True
Y1Ba1.85La0.15Cu2.85Al0.15O,True
Y0.899Ca0.101Ba2Cu3O6.943,True
Y1Ba2Cu3O6.8,True
Y0.7Ca0.3Ba2Cu2.7Co0.3O,False
Bi2Sr2Ca1Cu2O8,True
Gd1Ba1Sr1Cu3O6.93,True
Bi2Sr2Ca0.81Gd0.19Cu2O,True
Y1Ba2Cu2.9Ni0.1O7,True
Dy1Ba1Sr1Cu3O6.94,True
Y0.7La0.3Ba2Cu3O6.92,True
Bi2Sr2Ca0.8Na0.2Cu2O8,True
Y0.8Ca0.2Ba1.85Nd0.15Cu3O,True
Sm1Ba2Cu2.98Ni0.02O7,True
Hg1Ba2Cu1O4.19,True
Bi2Sr2Ca1Cu2O,True
Y0.83Ca0.02Pr0.15Ba2Cu3O6.95,True
Y1Ba2Cu2.979Zn0.021O6,True
Hg1Ba2Cu1O4,True
Bi4Sr3Ca3Cu4O16.25,True
Dy1Ba2Cu2.95Ga0.05O6.69,True
Tl1Sr2Yb0.7Ca0.3Cu2O,True
Sm12Cu2.96Ni0.04O6.88,True
Dy1Ba1Sr1Cu3O6.93,True
Bi4Sr3Ca2.8Tm0.2Cu4O16.41,True
Y1Ba1.6Sr0.4Cu3O7,True
Y1Ba2Cu2.895Mn0.105O7,True
Dy1Ba2Cu2.98Ni0.02O6.72,True
Y1Ba2Cu4O8,True
Y1Ba2Cu4O8,True
Yb0.8Pr0.2Ba2Cu3O7,True
Er0.85Pr0.15Ba2Cu3O7,True
Y0.8Ca0.2Ba2Cu3O6.9,True
Y0.75Ca0.25Ba2Cu4O8,True
Y1Ba2Cu2.9Ni0.1O,True
Er0.9Hf0.1Ba2Cu3O6.862,False
Y1Ba2Cu2.975Zn0.025O,True
Bi2Sr2Ca1Cu1.1Li0.9O,True
Y1Ba2Cu2.975Zn0.025O6.93,True
Y1Ba2Cu2.91Fe0.09O7,True
Y0.8Ca0.2Ba1.9Nd0.1Cu3O,True
Y1Ba2Cu2.94Ni0.06O7,True
Ba1Sr1Y1Cu3O7,True
Gd0.75Ca0.1Hf0.15Ba2Cu3O6.89,True
Y0.8Ca0.05Pr0.15Ba2Cu3O6.95,True
Y1Ba2Cu3O7,True
Y1Ba2Cu3O6.74,True
Y1Ba2Cu3O6.78,True
Y0.9Ca0.1Ba2Cu3O6.72,True
Bi2Sr1.9Ba0.1Ca1Cu2O,True
Y1Ba2Cu2.955Fe0.045O7,True
Bi2.2Sr1.72La0.08Ca1Cu2O8,True
Y1Ba2Cu4O8,True
Bi1.7Pb0.3Sr2Ca0.99Nd0.01Cu2O8.03,True
Bi2Sr2Ca1Cu1.996Zn0.004O8,True
Lu0.85Pr0.15Ba2Cu3O7,True
Nd1Ba2Cu3O,True
Er0.9Ca0.1Ba2Cu3O6.93,True
Bi2Sr2Ca1Cu2O8,True
Y0.8Ca0.2Ba2Cu2.8Co0.2O6.98,True
Y0.75Ca0.25Ba2Cu2.75Co0.25O7,True
Y0.5Ca0.5Ba1.5La0.5Cu3O6.96,True
Y1Ba2Cu2.85Zr0.15O7,False
Tl1Sr2Sr0.5Tb0.5Cu2O7,False
Y1Ba2Cu3O6.795,True
Y1Ba1Sr1Cu3O,True
Nd1Ba2Cu3O7.04,True
Bi4Sr4Ca2Cu4O16.25,True
Gd0.95Mo0.05Ba2Cu3O6.948,True
Y0.6Ca0.4Ba1.5La0.5Cu3O7.01,True
Yb0.8Pr0.2Ba2Cu3O7,True
Yb0.7Ca0.3Ba1.6Sr0.4Cu3O6.56,True
Bi2Sr2Ca1Cu2O8,True
Y0.75Ca0.25Ba2Cu2.75Co0.25O6.98,True
H0.24Y1Ba2Cu3O,True
Bi2Sr2Ca1Cu1.6Sn0.4O8,True
Nd1.1Ba1.9Cu3O7,True
Bi1.5Pb0.2Sr2Ca2Cu2Zn0.2O,True
Bi3.4V0.6Sr4Ca5Cu7O,True
Bi2Sr1.9Ba0.1Ca1Cu2O,True
Y0.85Pr0.1Ca0.05Ba2Cu3O,True
Y0.95Ca0.05Ba2Cu4O8,True
Y1Ba1.95La0.05Cu3O,True
Y0.8Ca0.2Ba2Cu2.75Co0.25O7.01,True
Eu1Ba2Cu3O7,True
Y1Ba2Cu2.94Fe0.06O7,True
Hg1.5Pb0.5Ba2Y0.72Ca0.28Cu2O8,True
Y0.8Ca0.2Ba0.8La0.2Cu3O,True
Y1Ba2Cu2.925Ni0.075O7,True
Bi2Sr2Ca1Cu2O,True
Y1Ba2Cu2.68Fe0.32O7.343,True
Lu0.9Pr0.05Ca0.05Ba2Cu3O7,True
Bi2Sr2Ca0.8Y0.2Cu2O,True
Gd1Ba1.5Sr0.5Cu3O6.93,True
Sr0.6Ca0.333Cu1O2.15,True
Tl2Ba2Cu1O6,True
Y1Ba2Cu3O6.9,True
Tl0.5Pb0.5Sr2Ca1Cu2O7,True
Y0.9Ca0.1Ba1.9La0.1Cu3O6.96,True
Y1Ba2Cu3O7,True
Y1Ba2Cu2.95Li0.05O,True
Y1Ba1.5Ca0.5Cu3O7,True
Tl2Ba2Cu1O5.912,True
Y1Ba2Cu4O8,True
Hg1Ba2Cu0.97Zn0.03O4.073,True
Y1Ba2Cu2.6Fe0.4O7.401,True
Y1Ba2Cu2.982Zn0.018O7,True
Bi2Sr2Ca1Cu2O8.22,True
Yb1Ba1.8Sr0.2Cu4O8,True
Bi2Sr2Ca0.8Nd0.2Cu2O,True
Hg1Ba2Cu1O4.052,True
Bi1.6Sr0.4Yb1Cu3O6.999,True
Bi2.2Sr1.8Ca1.05Cu2.15O8,True
Dy1Ba1Sr1Cu3O7,True
Y0.5Ca0.5Ba1.2La0.8Cu3O7.12,True
Y2Ba4Cu7O14.92,True
Y0.95Ca0.05Ba2Cu2.95Ni0.05O6.83,True
Y0.95Ca0.05Ba1.6Sr0.4Cu4O7.8,True
Y0.9Ca0.1Ba1.7La0.3Cu3O7.04,True
Er0.85Pr0.1Ca0.05Ba2Cu3O7,True
Y1Ba2Cu3O6.76,True
Y0.7Ca0.3Ba2Cu2.7Co0.3O7.02,True
Y0.7Ca0.3Ba1.7La0.3Cu3O6.92,True
Ba1.6Sr0.4Yb1Cu3O6.96,True
Bi2.1Sr1.9Ca1Cu1.98Zn0.02O,True
Y0.7Ca0.3Ba1.4La0.6Cu3O7.12,True
Y1Ba2Cu2.89Al0.11O7,True
Y0.6Ca0.4Ba1.6La0.4Cu3O6.95,True
Y0.6Ca0.4Ba1.3La0.7Cu3O7.12,True
Y0.5Ca0.5Ba1.5La0.5Cu3O6.94,True
Y0.95Ca0.05Ba1.95La0.05Cu3O,True
Y0.9Pr0.1Ba2Cu3O6.82,True
Y1Ba0.8Sr1.2Cu3O6.8,True
Y1Ba2Cu4O7.95,True
Y1Ba2Cu2.85Mn0.15O7,True
Y1Ba1.8La0.2Cu3O6.96,True
Y2Ba4Cu7O15,True
Hg0.5I1Bi2Sr2Ca1Cu2O,True
La1Ba1.87Ca0.13Cu3O6.923,True
Y0.9Ca0.1Ba2Cu3O6.67,True
Y1Ba1.4Sr0.6Cu4O7.95,True
Y0.3La0.7Ba2Cu3O6.98,True
Hg1Ba2Cu1O4.117,True
Yb0.8Pr0.2Ba2Cu3O6.97,True
Y1Ba1.6Sr0.4Cu4O7.95,True
Y1Ba1.8Sr0.2Cu4O7.95,True
Hg0.65V0.35Sr2.5Nd0.5Cu2O6,True
Y1Ca1Ba4Cu5N0.3C0.7O14,True
Tm1Ba2Cu2.775Ni0.225O7,True
Dy1Ba2Cu2.96Fe0.04O6.89,True
Er1Ba2Cu2.85Ga0.15O6.69,True
Y0.4Cu0.6Ba1.3La0.7Cu3O7,True
Y0.8Ca0.2Ba2Cu3O6.84,True
Ho1Ba2Cu4O8,True
Ho1Ba1.8Sr0.2Cu4O8,True
Y0.4Ca0.6Ba1.2La0.8Cu3O7.07,True
Dy1Ba2Cu2.96Ni0.04O6.73,True
Y1Ba2Cu3O6.78,True
Cu4Ba2Ca2O8,True
Ho1Ba1.6Sr0.4Cu4O8,True
Tl1Sr1.5Lu0.5Ca1Cu2O7,True
Bi2Sr2Ca1Cu1.2Li0.8O,True
Y1Ba2Cu2.97Ti0.03O6.92,True
Y1Ba1.8La0.2Cu2.8Al0.2O,False
Y1Ba2Cu3O6.88,True
Y0.4Ca0.6Ba1.1La0.9Cu3O7.12,True
Y1Ba2Cu2.97Zn0.03O6.93,True
Y1Ba2Cu2.982Zn0.018O,True
Gd1Ba2Cu3H0.43O6.89,True
Nd1Ba1.8Sr0.2Cu3O6.927,True
Y0.975Ca0.025Ba2Cu4O8,True
Gd1Ba1Sr1Cu3O7,True
Y1Ba2Cu2.97Fe0.03O7,True
Nd0.9Ba1.7Sr0.4Cu3O6.666,True
Bi2Sr2Ca0.95Y0.05Cu2O,True
Y0.76Ca0.24Ba2Cu2.94Co0.06O6.81,True
Cu0.5P0.5Sr2Ca2Cu3O9.25,True
Bi2Sr2Ca1Cu2O8,True
Y1Ba1Sr1Cu3O6.98,True
Ba2Ca1Cu2F2O4,False
Tl1Sr2Sr0.5Dy0.5Cu2O7,True
Y0.64Ca0.36Ba2Cu2.64Co0.36O6.87,True
Bi2Sr2Ca0.68Y0.32Cu2O8,True
Y0.97Ca0.03Ba2Cu4O8,True
Y1Ba2Cu4O8,True
Gd0.95Ca0.05Ba2Cu3O7,True
Y0.7Na0.3Ba2Cu3O,True
Y1Ba2Cu3O6.8,True
Y1Ba2Cu2.895Fe0.105O7,True
Y1Ba2Cu4O8,True
Y0.9Ca0.1Ba2Cu3O6.98,True
Y0.9Ca0.1Ba2Cu3O7,True
Y0.85Pr0.15Ba2Cu3O6.97,True
Tm0.8Pr0.2Ba2Cu3O7,True
Dy1Ba2Cu2.9Ni0.1O,False
Bi2Sr2Ca1Cu2O8,True
Gd0.85Hf0.15Ba2Cu3O6.84,False
Y1Ba1.9La0.1Cu3O6.9,True
Y1Ba1.8La0.2Cu3O7,True
Y0.85Ba1.95Ca0.2Cu3O,True
Bi4Sr3Ca2.7Y0.3Cu4O,True
Bi2Sr2Ca1Cu2O8,True
Y0.77Ca0.08Pr0.15Ba2Cu3O6.95,True
Y1Ba2Cu4O8,True
Y0.85Pr0.15Ba2Cu3O6.95,True
Bi2Sr2Ca0.6Pr0.4Cu2O,False
Tl1Ba2Ca1Cu2O7,True
Tl1Sr2Sr0.5Yb0.5Cu2O7,True
Bi2Sr2Ca0.9Y0.1Cu2O8,True
Y0.75Ca0.25Ba1.8Nd0.2Cu3O,True
I1Bi2Sr2Ca1Cu2O,False
Tl2Ba2Cu1O6,True
Hg0.65V0.35Sr2Ca0.65Nd0.35Cu2O,True
Ge0.5Cu0.5Sr2Ca1.9Y0.1Cu3O9.3,True
Y1Ba2Cu4O8,True
Y1Cu2.97Zn0.03O7,True
Tl2Sr2Sr0.5Lu0.5Cu2O7,True
Y0.6Ca0.4Ba1.8Nd0.2Cu3O,True
Y1Ba2Cu2.9Ni0.1O7,True
Y0.9Ca0.1Ba2Cu3O6.96,True
Bi2Sr2Ca1Cu1.994Fe0.006O8,True
Y0.8Ca0.2Ba0.85La0.15Cu3O,True
Nd0.9Ca0.05Pr0.05Ba2Cu3O6.95,True
Y0.8Ca0.1Pr0.1Ba2Cu3O6.95,True
Nd0.9Ca0.05Pr0.05Ba2Cu3O7,True
Y1Ba2Cu4O8,True
Hg1.4Tl0.6Ba2Y0.5Ca0.5Cu2O,True
Y1Ba2Cu4O8.045,True
Bi2Sr2Ca0.7Y0.3Cu2O8,True
Y1Ba1.6Sr0.4Cu4O8,True
Bi1.6Pb0.4Sr2Ca0.8Y0.2Cu2O8,True
Gd1Ba2Cu2.925Fe0.075O7,True
Bi2Sr2Ca1Cu2O8.12,True
Y1Ba2Cu4O8,True
Gd0.6Ca0.25Hf0.15Ba2Cu3O7,True
Y1Ba1.8La0.2Cu3O,True
Bi1.7Pb0.3Sr2Ca0.94Nd0.06Cu2O8.1,True
Tm0.97Ca0.03Ba2Cu4O8,True
Y1Ba1.4Sr0.6Cu4O8,True
Y1Ba2Cu0.925Co0.075O7,True
Ho0.85Pr0.15Ba2Cu3O7,True
Nd1Ba2Cu2.99Ga0.01O7,True
Bi2Sr1.4Ca1.6Cu2O8.2,True
Bi2Sr2Ca1Cu2O8,True
Y1Ba2Cu3O7,True
Y0.4Cu0.6Ba1.4La0.6Cu3O6.95,True
Tl2Ba2Cu1O6.01,True
Yb0.95Ca0.05Ba2Cu4O,True
Hg1Ba2Cu1O4.3,True
Y1Ba2Cu2.97Al0.03O,True
Bi2Sr2Ca0.8Ce0.2Cu2O8,False
Gd1Ba2Cu3O6.8,True
Y1Ba2Cu2.902Pt0.098O6.4,True
Ge0.4Cu0.6Sr2Ca1.8Y0.2Cu3O9.3,False
Y0.775Ba1.925Ca0.3Cu3O,True
Y1Ba1Sr1Cu3O6.91,True
Y0.9Pr0.1Ba2Cu3O6.91,True
Y0.9Sc0.1Ba2Cu4O8,True
Lu0.9Ce0.05Ca0.05Ba2Cu3O7,True
Er0.76Ca0.24Ba1.8Sr0.2Cu2.76Co0.24O6.91,True
Sm1Ba2Cu2.98Zn0.02O6.82,True
Ba1.6Sr0.4Yb1Cu3O6.8,True
Y1Ba2Cu2.9Ni0.1O6.92,True
Y1Ba1.75La0.25Cu2.75Al0.25O,True
Y1Ba2Cu2.97Zn0.03O6.95,True
Pr1Ba2Cu3O6.8,False
Bi1.8Pb0.2Sr2Ca1Cu2O8,True
Dy1Ba2Cu2.98Zn0.02O6.87,True
Lu1Ba2Cu3O7,True
Eu1.1Ba1.9Cu3O7.07,True
Y1Ba2Cu2.88Co0.12O7,True
Er1Ba2Cu2.97Zn0.03O6.93,True
Yb1Ba1.7Sr0.3Cu3O6.9,True
Bi2Sr2Ca0.72Y0.28Cu2O8,True
Bi1.8Pb0.2Sr2Ca2In0.3Cu3O,True
Bi4Sr4Ca3Cu4O16.29,True
Y1Ba2Cu2.949Co0.051O7,True
La0.5Yb0.5Ba2Cu3O,True
Gd0.8Ca0.2Ba2Cu3O,True
Y0.8Ca0.2Ba2Cu3O6.64,True
Tl1Sr1.3Nd0.7Ca1Cu2O7,True
Y0.9Ba0.1Cu1O4,True
Y1Ba2Cu2.97Zn0.03O6.9,True
Er1Ba2Cu2.8Ga0.2O7,True
Y1Ba2Cu3O7,True
Y1Ba1.36Sr0.64Cu4O8,True
Bi4Sr3Ca2.5Tm0.5Cu4O16.52,True
Bi1.7Pb0.3Sr2Ca1Cu2O8,True
Bi2Sr1.7Hg0.3Ca1Cu2O,True
Bi2Sr2Ca1Cu2O8.28,True
Eu1Ba1Sr0.9Ca0.1Cu3O6.95,True
Zn1Tl0.78Ba1Cu1O4.5,False
Y1Ba2Cu2.9Ga0.1O6.8,True
Hg1Sr2La0.3Ca0.5Ce0.2Cu2O6,False
Y0.2La0.8Ba2Cu3O7,True
Cu2.5Sr2Ca1Cr0.5O7.5,True
Yb0.95Pr0.05Ba1.7Sr0.3Cu3O6.91,True
Bi2Sr2Ca1Cu2O8.14,True
Ho0.95Ca0.05Ba2Cu4O8,True
Bi2Ca1Sr2Cu2O8,True
Ba2Ca2Cu3F1.8O6.2,True
Y1Ba1Sr1Cu3O7,True
Bi2Sr2Ca0.9Na0.1Cu2O8,True
Yb0.9Pr0.1Ba1.7Sr0.3Cu3O6.9,True
Dy1Ba2Cu2.94Ni0.06O6.72,True
Y1Ba2Cu3O,True
Y1Ba2Cu4O8,True
Y1Ba2Cu2.91P0.09O7,True
Y0.8Ca0.2Ba2Cu3O,True
Tm0.8Pr0.2Ba2Cu3O7,True
Y0.8Ca0.2Ba2Cu3O6.53,True
Er0.65Ca0.2Hf0.15Ba2Cu3O6.83,True
Bi1.7Pb0.3Sr2Ca0.98Nd0.02Cu2O8.05,True
Y1Ba1.65Sr0.35Cu4O8,True
Y1Ba1Sr1Cu3O6.93,True
Y1Ba2Cu3H0.92O6.91,True
Y0.9Ca0.1Ba2Cu4O8,True
Y1Ba2Cu2.75Al0.25O7,True
Gd0.55Ca0.3Mo0.15Ba2Cu3O6.626,True
Bi2Sr2Ca1Cu2I1O8,True
Y0.8Ca0.2Ba0.9La0.1Cu3O,True
Y1Ba2Cu3O6.72,True
Y0.8Ca0.2Ba1.9La0.1Cu4O,True
Dy1Ba1.6Sr0.4Cu3O6.89,True
Gd0.8Ca0.05Hf0.15Ba2Cu3O6.86,True
Y0.85Ca0.15Ba2Cu2.75Co0.25O7.01,True
Y1Ba2Cu4O8,True
Y0.85Ca0.15Ba2Cu3O6.58,True
Gd1.1Ba1.9Cu3O7,True
Y0.7Ca0.3Ba1.9Nd0.1Cu3O,True
Y1Ba2Cu2.9Fe0.1O7,True
Nd0.5Ca0.5Ba0.6La0.4Cu3O6.77,True
Bi2.2Sr1.8Ca1Cu2O8,True
Y1Ba0.74Sr1.26Cu3O6.98,True
Y1Ba2Cu3O6.861,True
Y1Ba2Cu3O6.894,True
Y1Ba1.7La0.3Cu3O7.1,True
Bi2Sr2Ca1Cu2O,True
Y1Ba2Cu4O8,True
Y1Ba2Cu3O6.6,True
La3Ca1Ba3Cu7O16.678,True
Tm0.2Ba0.8Cu1O,True
Y1Ba1.6Sr0.4Cu4O8,True
Y1Ba1.4Sr0.6Cu4O8,True
Y1Ba1.8La0.2Cu3O7.013,True
Bi1.7Pb0.3Sr2Ca1Cu2O8.05,True
Y0.75Ca0.25Ba1.9La0.1Cu4O,True
Hg1.5Pb0.5Ba2Y0.29Ca0.71Cu2O8,True
Y1Ba2Cu4O8,True
Pb2Sr2Ho0.5Ca0.5Cu2.94Pt0.06O8,False
Bi2Sr2Ca1Cu1.5Sn0.5O8,False
Y0.6Ca0.4Ba1.9Nd0.1Cu3O,True
Y1Ba2Cu2.94Al0.06O7,True
Gd0.9Pr0.1Ba2Cu3O,True
Gd0.9Ca0.1Ba2Cu3O7,True
Y1Ba2Cu2.9Ni0.1O7,True
Yb0.7Ca0.3Ba1.6Sr0.4Cu3O6.56,True
Y1Ba2Cu2.97Zn0.03O7,True
Y1Ba2Cu4O8,True
Nb1Ba2Cu2.98Ga0.02O7,False
Y1Ba1Sr1Cu3O6.899,True
Y1Ba2Cu2.979Zn0.021O7,True
Bi2Sr2Ca0.7Nd0.3Cu2O,True
Yb1Ba1.6Sr0.4Cu3O6.88,True
Y1Ba2Cu4O8,True
Eu0.8Ca0.2Ba2Cu3O,True
La1Ba1Ca1Cu3O,True
Y0.75Ca0.25Ba1.9Nd0.1Cu3O,True
Y1Ba2Cu4O8,True
Tl0.8Mo0.2Sr4Cu2Co3O7,True
Er0.97Ca0.03Ba2Cu4O8,True
Cu0.5P0.5Sr2Ca1.8Y0.2Cu3O9.55,True
Y1Ba2Cu2.97Zn0.03O6.93,True
Y0.95Ba1.95Ca0.1Cu4O8,True
Bi0.3Pb0.5Cu0.2Sr2Dy0.75Ca0.25Cu2O,True
Bi0.3Pb0.5Cu0.2Sr2Dy0.5Ca0.5O,True
Lu0.7Ca0.3Ba2Cu3O6.62,True
Gd0.95Ba1.95Ca0.1Cu4O8,True
Tl1Ba1Sr1Ca1Cu2O7,True
Ag1Ba2Ca5Cu6O15,True
Y0.9Ca0.1Ba2Cu3O6.66,True
Tm1Ba2Cu4O8,True
Y2Ba4Cu7O15,True
Hg1Ba2Cu1O4.055,True
La2.5Dy0.5Ca1Ba3Cu7O,False
Bi2Sr1.95Ba0.05Ca1Cu2O,True
Er0.5Ca0.5Sr0.7Ba1.3Cu2.6C0.4O7,True
La2.5Y0.5Ca1Ba3Cu7O16.552,True
La2.5Nd0.5Ca1Ba3Cu7O,True
Y0.8Pr0.15Ca0.05Ba2Cu3O6.82,True
Y1Ba2Cu3O6.73,True
La2.3Gd0.6Ca1.2Ba2.9Cu7O16.543,True
Y0.8Ca0.2Ba1.5La0.5Cu3O7.11,True
La2.5Y0.5Ca1Ba3Cu7Fe7O16.574,False
Ba1.6Sr0.4Yb0.95Ca0.05Cu3O6.8,True
La2.57Ca0.86Ba2.57Cu6O14.2,True
La2.5Gd0.5Ca1Ba3Cu7O16.359,True
Ba1.6Sr0.4Yb0.95Ca0.05Cu3O6.76,True
H1Cl3C61,True
Sr2.3Ca0.7Cu2Cl1.3O4,False
Y1Ba2Cu1O8,True
Hg0.8Ba2Cu1.2O4,True
Tl2Ba2Cu2O6,True
La1Ba1.75Ca0.25Cu3O6.951,True
Hg1.5Pb0.5Ba2Y0.3Ca0.7Cu2O8,True
Ca0.4La0.6Ba1.35La0.65Cu3O7.15,True
Er1Ba2Cu4O8,True
Bi4Ca3Sr3Cu4O16.32,True
Tl0.75Pb0.25Ca1Sr2Cu2O7,True
Bi2Sr2Ca0.8Ho0.2Cu2O,True
Bi1.7Pb0.3Sr2Ca1Cu2O8,True
Bi2.1Sr2.1Ca0.8Cu1.98Ni0.02S0.02O,True
Y2Ba1.5Ca0.5Cu3O8,True
Y0.8Sm0.2Ba2Cu3O7,True
Bi2Sr2Ca6Cu8O19,True
Bi2.15Sr1.68Ca1.17Cu2O8,True
Bi4Sr3Ca3Cu4O,True
La1.5Gd0.5Ca1Ba2Cu5O10,True
Bi2Sr2Ca1Cu2O8.24,True
Bi2Sr2Ca1Cu2O8.28,True
Bi2Sr2Ca1Cu1.2Li0.8O,True
Bi4Sr3Ca2.9Tm0.1Cu4O16.36,True
Bi2Sr2Ca1Cu2O8,True
La2.5Y0.5Ca1Ba3Cu7O16.574,True
I1Bi1.9Pb0.1Sr2Ca1Cu2O8,False
Y1Ba2Cu4O7.986,True
Y1Ba2Cu2.925Fe0.075O7,True
Bi2Sr2Ca0.95Ce0.05Cu2O8,True
Nd1.2Ba1.8Cu3O6.96,True
Pr1Ba2Cu3O,True
Yb1Ba1.2Sr0.8Cu4O8,True
Bi1.8Pb0.2Sr2Ca1Cu2O8,True
Yb1Ba1.4Sr0.6Cu4O8,True
Yb1Ba1.6Sr0.4Cu4O8,True
La1Ba1Ca1Cu3O,True
Y1Ba2Cu3O7,True
Bi2Sr1.8Ca1.2Cu2O,True
Y0.85Pr0.15Ba2Cu3O7,True
La1.2Ba1.8Cu3O6.98,True
Y1Ba2Cu2.94Zn0.06O6.9,True
Y0.8Pr0.1Ca0.1Ba2Cu4O8,True
Gd0.75Ca0.25Ba2Cu3O,True
La2.5Gd0.5Ca1Ba3Cu7O16.539,True
Y1Ba1.2Sr0.8Cu3O7,True
Lu0.8Pr0.2Ba2Cu3O7,True
Ba2Ca3Cu5O10,True
Y1Ba2Cu2.95Ni0.05O6.93,True
Cu0.5Tl0.5Ba2Ca1.6Pr0.4Cu3O10,True
Y1Ba2Cu2.9Ni0.1O6.92,True
Bi1Sr1Ca1Cu2O,True
Bi2.02Sr1.81Ca0.74Y0.37Cu1.93O,True
Y1Ba2Cu3O,True
Eu1Ba1Sr1Cu3O6.94,True
Sm1Ba1Sr1Cu3O6.94,True
Bi2Sr2Ca0.7Y0.3Cu2O8,True
Y1Ba2Cu3O6.7,True
Y1Ba2Cu3O8,True
Bi2Sr2Ca1Cu2O,True
Tl1Sr1.5Tb0.5Ca1Cu2O7,False
Tl1Sr1.5Dy0.5Ca1Cu2O7,True
Tl1Sr1.5Ho0.5Ca1Cu2O7,True
Y1Ba1.7La0.3Cu3O7.1,True
Y1Ba2Cu3O6.9,True
Tl0.92Pb0.23Sr1.6Ba0.4Ca2Cu3Ag0.4O,True
Yb1Ba1.8Sr0.2Cu4O8,True
Hg1Ba2Cu1O4,True
Bi3Pb1Sr3Ca3Cu4O,True
Y1Ba2Cu2.5Fe0.5O7.35,True
Pb2Sr2Y0.67Ca0.33Cu3O8,True
Bi2.1Sr1.9Ca0.74Cu2O,True
Hg1Ba2Cu1O4.28,True
Bi1.8Pb0.2Sr2Ca2In2Cu3O,False
Bi2.1Sr1.7Ca1.1Cu2O,True
Hg0.5Tl1.5Ba2Ca1Cu2O8,True
Y1Ba2Cu2.96C0.04O,True
Y1Ba2Cu4O8.043,True
Y1Ba2Cu4O8,True
Y1Ba2Cu2.9Ni0.1O,True
Hg1Ba2Cu1O4.21,True
Bi2Sr2Ca0.5Y0.5Cu2O,True
Bi4Sr3.5Ca2.5Cu4O16,True
Y1Ba2Cu3O6.77,True
Y1Ba2Cu2.5Fe0.5O7.413,True
Y0.8Ba1.2Cu1O4,True
Y1Ba2Cu2.985Zn0.015O7,True
Tl1Ba2Ca1Cu2O7,True
Bi2Sr2Ca0.65Y0.35Cu2O8,True
Yb0.85Pr0.15Ba1.7Sr0.3Cu3O6.91,True
Tb1Sr2Cu2.7Mo0.3O7,True
Hg0.7Cr0.3Sr2Ca1Cu2O,True
Sr3.1Ca5.9Bi0.4Y0.3Pb0.3Cu16.7O29,True
Yb0.99Ca0.01Ba2Cu4O,True
Er0.9Pr0.1Ba2Cu3O7,True
Ca1La1Ba1Cu3O7,True
Er0.75Pr0.2Ca0.05Ba2Cu3O7,True
Er0.8Pr0.2Ba2Cu3O7,True
Y1Ba2.2Cu4O8,True
Bi0.6Pb0.2S0.2Sr2Ca0.7Nd0.3Cu2O6.95,True
Bi8Sr6Ca6Cu9O33.964,True
Nd1Ba2Cu2.925Ni0.075O7,True
Fe0.5Ba2Y1Cu2.5O7.41,True
Er1Ba2Cu2.7Ga0.3O7,True
Y1Ba2Cu2.925Ni0.075O7,True
Tl2Ba2Cu1O6,True
Tm1Ba2Cu2.7Ni0.3O7,True
Dy1Ba1Sr1Cu3O6.94,True
Tm1Ba2Cu2.55Ni0.45O7,True
Y1Ba2Cu2.97Zn0.03O6.98,True
Y1Ba0.5Sr1.5Cu3O,True
Y1Ba2Cu2.88Co0.12O7,True
Y1Ba0.75Sr1.25Cu3O6.91,True
Bi2Sr2Ca0.9Gd0.1Cu2O8,True
Tm1Ba2Cu4O8,True
La1Ba1.5Ca0.5Cu3O6.96,True
La1Ba1.25Ca0.75Cu3O6.958,True
Yb0.8Pr0.2Ba2Cu3O6.88,True
Er0.85Hf0.15Ba2Cu3O6.813,False
Y1Ba2Cu2.88Ga0.12O7,True
Y1Ba1.8Sr0.2Cu4O8,True
Hg0.9Tl0.1Ba2Cu1O,True
Bi2Sr2Ca2Cu3Zn0.02C0.64H0.32N0.16O,False
Bi4Sr3Ca1.6Y1.4Cu4O16,True
Bi2Sr1.8Ca1.2Cu2O8,True
Tm1Ba2Cu3O6.8,True
Y1Ba2Cu4O8,True
La1.25Ba1.35Ca0.4Cu3O7.16,True
Bi4Sr3Ca2.4Y0.6Cu4O,True
Pb2Sr2Y0.5Ca0.5Cu3O8,True
Y1Ba2Cu4O8,True
Eu0.7Ca0.3Ba2Cu3O,True
Eu0.75Ca0.25Ba2Cu3O,True
Pb2Sr2Y0.55Ca0.45Cu3O8,True
Y1Ba1.972Ca0.028Cu4O8,True
Y1Ba2Cu4O8,True
Y0.75Ca0.1Pr0.15Ba2Cu3O6.95,True
Tm1Ba2Cu4O8,True
Y0.8Pr0.2Ba2Cu3O7,True
Bi2Sr2Ca0.65Y0.35Cu2O8,True
Dy1Ba1Sr1Cu3O6.89,True
Bi1Pb1Sr2Y0.4Ca0.6Cu2O8,True
Y1Ba0.4Sr1.6Cu3O,True
Gd0.85Ca0.15Ba2Cu3O7,True
Y0.8Pr0.2Ba2Cu3O7,True
Y0.7Ca0.3Ba2Cu4O8,True
Y1Ba2Cu3O6.74,True
Y0.975Ca0.025Ba2Cu4O8,True
Gd0.8Hf0.2Ba2Cu3O6.79,True
Er0.85Ca0.15Ba2Cu3O6.93,True
Y0.9Ca0.1Ba2Cu3O,True
Ba1.6Sr0.4Yb1Cu3O6,True
Bi2Sr1.8Ca1.2Cu2O8,True
Y1Ba2Cu2.97Zn0.03O7,True
Bi2Sr2Ca1Cu1.991Ni0.009O8,True
Y1Ba1.46Sr0.54Cu4O8,True
Tl0.7Sr1.8Yb0.2Ca1Cu2.3O7,True
Ho0.8Pr0.2Ba2Cu3O7,True
Eu0.9Pr0.1Ba2Cu3O6.95,True
Y0.8Pr0.2Ba1Sr1Cu3O6.9,True
Sm1Ba2Cu3O6.95,True
Y1Ba2Cu2.8Ni0.2O7,True
Y0.99Ca0.01Ba2Cu4O8,True
Bi4Sr3Ca1.2Y1.8Cu4O16,True
Y0.9Ca0.1Ba2Cu3O6.5,True
Yb1.62La0.18Ba0.18Sr0.02Cu1O,True
Y0.85Ca0.15Ba1.9La0.1Cu4O,True
Y1Ba2Cu3O6.65,True
Er0.99Ca0.01Ba2Cu4O8,True
Y1Ba2Cu2.82Ga0.18O7,True
Y1Ba2Cu4O8,True
La1.25Ca0.45Ba1.3Cu3O7.135,True
Bi2.1Sr1.7Ca0.2Cu1O6,True
Hg0.92Ba2.05Cu1.03O4.079,True
La1.25Ca0.5Ba1.25Cu3O7.137,True
Ho1Ba2Cu4O8,True
Tm0.99Ca0.01Ba2Cu4O8,True
Y0.85Pr0.15Ba2Cu3O6.98,True
Yb1.6La0.2Ba0.2Cu1O,True
Y1Ba2Cu4O7.986,True
Pb2Sr2Y0.6Ca0.4Cu3O8,True
Pb2Sr2Y0.65Ca0.35Cu3O8,True
Y1Ba2Cu2.97Zn0.03O6.97,True
Bi2.1Sr1.7Ca0.9Cu2O,True
Pb2Sr2Y0.4Ca0.6Cu3O8,True
Ca1La1Ba1Cu3O,True
Bi2Sr2Ca0.7Y0.3Cu1.96Co0.04O,True
Y1Ba2Cu2.88Fe0.12O7,True
Y0.95Sc0.05Ba2Cu4O8,True
Ho1Ba1Sr1Cu3O6.94,True
Y1Ba1Sr1Cu3O6.94,True
Bi1.6Pb0.4Sr2Ca2.9Sm0.1Cu3O,True
Bi1.6Pb0.4Sr1.6Ca1Nd0.4Cu2O8.17,True
La2.1Nd0.7Ca1.4Ba2.8Cu7O,True
Ho1Ba2Cu4O8,True
Lu0.8Pr0.2Ba2Cu3O7,True
Eu1Ba2Cu2.95Ga0.05O6.78,True
Y1Ba1.2Sr0.8Cu4O7.9,True
Bi2Sr2Ca0.6Y0.4Cu2O,True
Tl2Ba2Cu1O6,True
Bi2Sr2Ca1Cu2O8,True
I1Bi2Sr2Ca0.5Y0.5Cu2O,True
Ba1.6Sr0.4Yb0.65Ca0.35Cu3O6.52,True
La1.1Ba1.5Ca0.4Cu3O7.06,True
Y0.9Ca0.1Ba1.9La0.1Cu4O7.8,True
Lu1Ba1.7Sr0.3Cu3O7,True
Y0.58Ca0.42Ba2Cu2.52Co0.48O,True
Bi2Sr2Ca0.7Y0.3Cu2I1O8,False
Pb2Sr2Y0.61Ca0.39Cu3O8,True
Gd0.95Pr0.05Ba2Cu3O,True
Lu0.9Pr0.1Ba1.7Sr0.3Cu3O6.95,True
Y1Ba1.85Cu2.85Co0.15O7.04,True
Gd1Ba2Cu2.925Ni0.075O,True
Tl1Sr1.5Gd0.5Ca1Cu2O7,True
Y1Ba2Cu2.97Zn0.03O,True
La2.1Y0.7Ca1.4Ba2.8Cu7O16.433,True
Pb2Sr2Y0.7Ca0.3Cu3O8,True
Y1Ba1.6Sr0.4Cu4O7.9,True
Y0.1La0.9Ba2Cu3O7.05,True
Y1Ba2Cu4O8,True
Y0.8Ca0.2Ba2Cu3O6.86,True
Y1Ba2Cu2.94Ni0.06O7,True
La1Gd1Ba2Ca2Cu6O14.1,True
Bi2Sr2Ca0.68Gd0.32Cu2O8,True
La1.5Gd0.5Ba2Ca1Cu5O11.892,True
Tm0.5Ca0.5Sr0.7Ba1.3Cu2.6C0.4O7,True
La2.5Ca1Ba2.5Cu6O14.146,True
Y0.8Ca0.2Ba1.9Nd0.1Cu3O,True
La1.5Nd0.5Ca1Ba2Cu5O11.583,True
La1Er1Ba2Ca2Cu6O14.122,True
Y0.85Ca0.15Ba2Cu3O6.9,True
Gd0.7Ca0.3Ba2Cu3O,True
Ba2Ca3Cu4F1.6O8.4,True
Ho0.5Ca0.5Sr0.7Ba1.3Cu2.6C0.4O7,True
Y0.5Ca0.5Sr0.7Ba1.3Cu2.6C0.4O7,True
Y1Ba2Cu3O6.8,True
Bi2Sr2Ca1Cu1.98Zn0.02O8,True
La2.1Gd0.7Ca1.4Ba2.8Cu0.7O16.471,True
Y1Ba1.7La0.3Cu2.7Al0.3O,True
Tm1Ba2Cu4O8,True
Yb1Ba2Cu4O,True
La2.4Ca1.2Ba2.4Cu6O14.082,True
Bi2Sr2Ca0.9Y0.1Cu2O,True
Bi2Sr2Ca1Cu1.96Co0.04O,True
Er0.8Hf0.2Ba2Cu3O6.772,True
Y2Ba4Cu7O15,True
Pb2Sr2Y0.45Ca0.55Cu3O8,True
Yb1Ba2Cu4O8,True
H0.28Y1Ba2Cu3O,True
Ca0.4Ba1.25La1.25Cu3O7.14,True
Y1Ba2Cu4O8,True
Ca0.4Ba1.35La1.25Cu3O7.15,True
Bi2Sr1.7Ca1.3Cu2O8.211,True
Y0.7Ca0.3Ba1.8Nd0.2Cu3O,True
Bi2Sr2Ca1Cu2O8,True
Bi2.1Sr1.93Ca0.92Gd0.05Cu2O8,True
Nd1Ba2Cu3O6.86,True
Bi2Sr1.95Ba0.05Ca1Cu2O,True
Y1Ba2Cu3O7,True
Y1Ba2Cu4O8,True
Yb6Ba1Cu1O,True
Tm1Ba2Cu4O8,True
Nd1Ba1.8La0.2O6.81,True
Nd1.1Ba1.9Cu3O7,True
Y0.9Pr0.1Ba2Cu3O6.95,True
Bi2Sr1.5Ca1.5Cu2O8.19,True
Bi3.2Pb0.2V0.6Sr4Ca5Cu7O,True
Er0.8Pr0.2Ba2Cu3O7,True
Sm1.1Ba1.9Cu3O7.05,True
Er0.8Ca0.2Ba2Cu3O,True
Nd0.4Ca0.6Ba0.6La0.4Cu3O6.71,True
Bi1.7Pb0.3Sr2Ca0.96Y0.04Cu2O8.06,True
Bi2Sr2Ca0.75Y0.25Cu1.98Zn0.02O8,True
Y1Ba1.4Sr0.6Cu4O7.8,True
Nd1Ba1.6Sr0.4Cu3O6.721,True
Ho1Ba2Cu4O8,True
Bi2Sr2Ca1Cu2O8.22,True
Ba1.2Sr0.8Yb1Cu3O6,True
Y1Ba2Cu2W1O,True
Y1Ba2Cu3O6.8,True
Bi1Pb1Sr3Ca3Cu4O,True
Bi3.9Sr3.3Ca1.3Cu2.883Fe0.117O,True
Pb2Sr2Ho0.5Ca0.5Cu3O8,True
Y1Ba2Cu2.85Ga0.15O7,True
Y0.8Ca0.1Pr0.1Ba2Cu3O7.01,True
Y0.8Pr0.2Ba2Cu3O7,True
Gd0.8Pr0.1Ca0.1Ba2Cu3O,True
Tl0.5Pb0.5Sr2Ca1Cu2O7,True
Pb2Sr2Y0.5Ca0.5Cu3O8,True
Y1Ba2Cu3.99Ni0.01O8,True
Tl0.8Sr1.8Yb0.2Ca1Cu2.2O7,True
Tl0.9Bi0.1Sr1.8Yb0.2Ca0.8Cd0.2Cu1.99Fe0.01O7,True
Y0.87Pr0.13Ba2Cu3O7,True
Er1Ba2Cu4O8,True
Y1Ba2Cu2.94Co0.06O7,True
Y1Ba2Cu4O7.9,True
Y1Ba2Cu2.97Zn0.03O7,True
La1Ba1.25Ca0.75Cu3O,True
Hg1Ba2Cu1O4.055,True
Bi2.2Sr1.72La0.08Ca1Cu2O8,True
Y0.8Ca0.2Ba2Cu3O6.89,True
Er1Ba2Cu3O6.78,True
Gd1Ba2Cu3H1.32O6.89,True
Y1Ba2Cu4O8,True
Y0.84Sr1.16Ba1Cu2.78S0.22O7,True
Y0.8Pr0.1Ca0.1Ba2Cu3O,True
Y1Ba2Cu3O6.876,True
Gd0.5Ca0.5Sr0.7Ba1.3Cu2.6C0.4O7,True
Y0.9Ca0.1Ba2Cu3O6.91,True
Bi2Sr2Ca1Cu1.98Ni0.02O8,True
Bi1.8Pb0.2Sr2Ca1Cu2O8,True
Ba2Ca2Cu3O,True
Y1Ba2Cu2.94Li0.06O7,True
Y1Ba2Cu2.88Ni0.12O7,True
Dy0.5Ca0.5Sr0.7Ba1.3Cu2.6C0.4O7,True
Y1Ba2Cu2.88Al0.12O7,True
Y2Ba4Cu7O14.85,True
Er1Ba2Cu4O8,True
Y0.6Ca0.4Ba1.6La0.4Cu3O6.96,True
Y0.8Ca0.2Ba1.8La0.2Cu3O6.96,True
Er0.8Pr0.2Ba2Cu3O7,True
Y0.7Ca0.3Ba1.7La0.3Cu3O6.96,True
Pb2Sr2Y0.5Ca0.5Cu3F0.8115O7.3458,True
Lu0.8Pr0.1Ca0.1Ba2Cu3O7,True
Dy1Ba2Cu2.94Fe0.06O6.88,True
Y1Ba1.9Sr0.1Cu4O7.9,True
Y1Ba2Cu2.87Fe0.13O7,True
Er0.7Pr0.2Ca0.1Ba2Cu3O7,True
Ho1Ba2Cu2.7Ni0.3O7,True
Yb0.5Ca0.5Sr0.7Ba1.3Cu2.6C0.4O7,True
Y1Ba1.8Sr0.2Cu4O7.9,True
Y1Ba0.8Sr1.2Cu3O7,True
Y1Ba2Cu3O6.73,True
Y1Sr2Mo0.25Cu2.75O7.54,True
Bi2Sr2Ca1Cu2O,True
Lu0.93Pr0.07Ba2Cu3O7,True
La1.5Nd0.5Ba2Ca1Cu5O7.123,True
Gd1Ba2Cu3O7,True
Sm1Ba2Cu2.96Fe0.04O6.81,True
Bi2Sr2Ca1Cu2O8,True
La1.5Y0.5Ba2Ca1Cu5O,True
Tm1Ba2Cu3O6.71,True
Y0.9Tb0.1Ba2Cu4O8,True
La1.6Y0.4Ba2Ca0.8Cu4.8O,True
Tl0.9Sr1.6Yb0.4Ca1Cu2.1O7,True
Sr1.5Ba0.5Y1Cu2.8Ti0.2O7.2,True
La1.5Nd0.5Ca1Ba2Cu5O11.872,True
Y1Ba2Cu3O7,True
Y2La0.4Ba3.6Cu6O13.91,True
Bi0.2Pb0.4S0.4Sr2Ca0.7Nd0.3Cu2O6.99,True
Bi2Sr2Ca0.68Gd0.32Cu2O,True
Y0.75Eu0.25Ba2Cu4O8,True
Hg1Ba2Cu1FO4,True
Y1.8Ca0.2Ba4Cu7O,True
Y1Ba0.5Sr1.5Cu3O6.98,True
Y1Ba2Cu3O6.8,True
Bi2Sr2Ca0.7Ce0.3Cu2O8,True
Bi2Sr2Ca0.8Y0.2Cu1.96Co0.04O,True
Y1Ba0.5Sr1.5Cu3O,True
La1Ba1.5Ca0.5Cu3O7.011,True
Tl2Ba2Cu1O6,True
Bi2Sr1.6K0.4Ca1Cu2O8,False
Hg1Ba2Cu1O4.31,True
Bi2Sr2Ca1Cu1.96Co0.04O8,True
Ba1.6Sr0.4Yb0.65Ca0.35Cu3O6.53,True
Bi2Sr2Ca1Cu2O8.198,True
Y1Ba2Cu2.949Fe0.051O7,True
Bi2Sr2Ca1Cu2O8.216,True
Y0.85Ca0.15Ba2Cu3O6.71,True
Hg1Ba2Cu0.97Zn0.03O4,True
Ba2Ca5Cu7O16,True
Y1Ba2Cu2.85Ga0.15O7,True
Y1Ba2Cu3.996Ni0.004O8,True
Y1Ba1.8La0.2Cu3O6.96,True
Bi4Sr3Ca3Cu4O,True
Er1Ba1Sr1Cu3O6.94,True
Bi4Sr3Ca3Cu3.975Cr0.025O,True
Bi4Sr3Ca3Cu3.975Mn0.025O,True
La1.7Nd0.3Ca0.6Ba2Cu4.6O11.892,True
Bi2Sr2Ca0.95K0.05Cu2O,True
Y1Ba1.8La0.2Cu3O6.95,True
Y0.7Ca0.3Ba2Cu3O6.78,True
Y1Ba2Cu4O8,True
Tl2Ba2Ca0.9Y0.1Cu1.88Co0.12O8,True
Tl1Sr1.5Er0.5Ca1Cu2O7,True
Bi2Sr2Ca0.937Y0.063Cu2O8,True
Bi2.1Sr2.1Ca0.8Cu1.8Ni0.2S0.2O,True
Bi2.1Sr2.1Ca0.8Cu1.9Ni0.1S0.1O,True
Y0.6Sm0.4Ba2Cu3O7,True
La2.375Ca1.25Ba2.375Cu6O14.062,True
Y0.99Ca0.01Ba2Cu4O8,True
Eu1.5Pr0.5Sr0.7Ba1.3Cu2.6C0.4O7,True
Tl1Ba2Ca0.7Gd0.3Cu2O7,True
Cu4Ba2Ca2O8,True
La1.5Er0.5Ba2Ca1Cu5O11.907,True
Hg0.85Mo0.15Sr2Cu1O4,False
Hg1Ba2Cu1O4.17,True
Y1Ba2Cu2.9Li0.1O,True
Lu0.8Ca0.2Ba2Cu3O6.68,True
Pb1Sr0.8Ba1.2Y0.7Ca0.3Cu3O7,True
Er0.8Pr0.1Ca0.1Sr0.8Ba1.2Cu3O,True
Y1Ba2Cu4O8,True
Y0.74Ca0.16Sr0.6Ba1.5Cu2.78S0.22O7,True
Tm0.8Pr0.2Ba2Cu3O6.95,True
Ba1.4Sr0.6Yb1Cu3O6,True
Y1Ba2Cu3O6.76,True
Er1Ba2Cu4O8,True
La1.25Ca0.4Ba1.35Cu3O7.141,True
Y0.7Pr0.2Ca0.1Ba2Cu3O7,True
Bi2.1Sr1.3Ca0.6Cu1O6,True
Bi2Sr2Ca1Cu2O,True
Eu0.9Pr0.1Ba2Cu3O7,True
Y1Ba2Cu3.98Ga0.02O8,True
Y1Ba2Cu2.97Zn0.03S0.03O,True
Tl2Ba2Ca0.8Y0.2Cu2O8,True
Gd1Ba2Cu2.9Ni0.1O7,True
Gd0.5Ca0.35Mo0.15Ba2Cu3O6.586,True
Y1Ba2Cu4O8,True
Tl0.5Pb0.5Sr2Ca1Cu2O,True
Bi2Sr2Ca1Cu2O8.22,True
Bi2Sr1.6Ca1.4Cu2O8.16,True
Y0.7Ca0.15Pr0.15Ba2Cu3O6.95,True
Bi2Sr2Ca0.8Y0.2Cu1.98Zn0.02O8,True
Y0.9Ca0.1Ba1.9La0.1Cu3O,True
Er0.88Ca0.12Ba2Cu2.82Co0.18O6.93,True
Y0.8Ca0.2Ba2Cu3O,True
Er0.88Ca0.12Ba2Cu2.28Co0.18O6.93,True
Y1Ba2Cu2.91Ga0.09O7,True
Y0.8Ca0.2Ba0.95La0.05Cu3O,True
Y1.1Ba2Cu3O,True
Hg0.67Bi0.33Sr2Y0.67Ca0.33Cu2O6,True
Hg0.5Fe0.5Sr2Y0.4Ca0.6Cu2O6.67,True
La3Ca0.9Cd0.1Ba3Cu7O16.611,True
Y1Ba2Cu4O8,True
Y1Ba2Cu4O7.8,True
Y1Ba2Cu3.96Ga0.04O8,True
Nd1.08Ba1.92Cu3O6.17,True
Ho1Ba2Cu4O8,True
Ho0.97Ca0.03Ba2Cu4O8,True
Bi2.1Sr1.1Ca0.8Cu1O6,True
Gd0.8Pr0.1Ca0.1Ba2Cu3O7,True
Dy0.85Pr0.15Ba2Cu3O6.9,True
Sm1.15Ba1.85Cu3O6.95,True
Y3Ba5Cu4Nb1O18,True
Y1Ba1.925La0.075Cu3.5O7.5,True
Y1Ba1.9K0.1Cu3O,True
Er0.7Ca0.15Hf0.15Ba2Cu3O6.821,True
Y1Ba1.8La0.2Cu3O7.05,True
Y1Ba2Cu2.88Fe0.12O7,True
Y1Ba2Cu2.85Ni0.15O6.97,True
Bi2Sr2Ca0.85Y0.15Cu1.98Zn0.02O8,True
Y1Ba2Cu2.88Ni0.18O7,True
Dy1Ba2Cu4O8,True
Y0.65Ca0.15Pr0.2Ba2Cu3O6.95,True
Y0.7Ca0.1Pr0.2Ba2Cu3O6.95,True
Bi2Sr2Ca0.875Y0.125Cu2O8,True
Y1Ba2Cu0.88Co0.12O7,True
Y1Ba2Cu3O6.8,True
Y1Ba2Cu2.875Co0.125O,True
Dy1Ba1Sr1Cu3O6.9,True
Gd1Ba1.8Sr0.2Cu4O8,True
Dy1Ba2Cu2.92Ni0.08O7,True
Bi4Sr3.5Ca2.5Cu4Sn0.015O16,True
Gd1Ba1.9Sr0.1Cu4O8,True
Y1Ba2Cu4O8,True
Gd1Ba2Cu4O8,True
Bi2Sr2Ca1Cu2O8,True
Lu0.5Ca0.5Sr0.7Ba1.3Cu2.6C0.4O7,True
Al1Sr2Ca2Cu3O9.9,False
Tm1Ba2Cu2.7Fe0.3O7,False
Bi2.4Pb0.6Sr2Ca0.6Nd0.4Cu2O8,True
Bi2Sr2Ca0.79Y0.21Cu2O8,True
Ba1.6Sr0.4Yb0.65Ca0.35Cu3O6.63,True
La1.1Ba1.5Ca0.4Cu3O7.11,True
Sm0.5Ca0.5Sr0.7Ba1.3Cu2.6C0.4O7,True
Nd0.8Ca0.2Ba1Sr1Cu3O6.78,True
Pb0.8Sr1Ba1.2Y0.7Ca0.3Cu3O8.35,True
Y1Ba2Cu2.925Co0.075O,True
Bi2Sr2Ca0.9Y0.1Cu2O8,True
Fe0.5Sr2Y1Cu2.5O7,True
Y1Ba2Cu2.98Li0.2O,True
Y1Ba2Cu4Li0.016O8,True
Lu0.85Pr0.15Ba1.7Sr0.3Cu3O6.91,True
Y1Ba2Cu2.97Zn0.03O7,True
Er0.76Ca0.24Ba1.6Sr0.4Cu2.76Co0.24O6.88,True
Y1Ba2Cu3O6.85,True
Er0.8Pr0.1Ca0.1Ba2Cu3O7,True
Tl0.67Cr0.33Sr4Cu2C1O10,True
La1.6Gd0.4Ca0.8Ba2Cu4.8O10,True
La2.5Y0.5Ca1Ba3Cu6.86Fe0.14O16.578,True
Y1Ba2Cu2.97Zn0.03O6.85,True
Hg1Ba2Cu1O4,True
Y0.5Eu0.5Ba2Cu4O8,True
Y1Ba1.7La0.3Cu3O7.02,True
Ho1Ba2Cu4O8,True
Y1Ba1Sr1Cu2.975Sn0.025O6.92,True
Y1Ba2Cu3O6.8,True
Hg0.8Nd0.2Ba2Cu1O4.3,True
Bi2Sr2Ca1Cu0.995Fe0.005O8,True
Bi2Pb0.25Sr1.75Ca1Cu2O8,True
Bi2Sr2Ca1Cu1O8,True
Y1Ba2Cu2.94Ti0.06O6.91,True
Ge0.5Cu0.5Sr2Ca1.8Y0.2Cu3O9.3,True
Ba2Ca3Cu4F1.6O8.4,True
Sr2Ca1Cu2O5.5,True
La1.7Nd0.3Ba2Ca0.6Cu4.6O7.135,True
Bi2Sr2Ca1Cu1.97Ni0.03O8,True
Ho1Ba2Cu2.94O6.94,True
Bi2Sr2Ca0.9Pr0.1Cu2O,True
Cu0.8W0.2Sr2Y1Cu2O7.3,True
Y0.5Ca0.5Ba2Cu3O,True
Ge0.4Cu0.6Sr2Ca1.7Y0.3Cu3O9.3,False
Eu1Ba2Cu3O6.76,True
Y0.95Pr0.05Ba2Cu4O8,True
La1Ba1.5Ca0.5Cu3O,True
Hg0.85S0.15Ba2Cu1O,True
Y1Ba2Cu3O6.7,True
Y1Ba2Cu2.79Ga0.21O7,True
Y1Ba2Cu4O8,True
Yb16Ba1Cu2O,True
Ca0.3Ba1.45La1.25Cu3O7.172,True
Y0.9Ca0.1Ba2Cu2.75Co0.25O7.03,True
Ho0.99Ca0.01Ba2Cu4O8,True
Nd1.15Ba1.85Cu3O6.96,True
Y1Ba1.8Sr0.2Cu4O8,True
Eu1Ba1.5Sr0.5Cu3O7,True
Pb2Sr2Y0.7Ca0.3Cu3O8,True
Dy1Ba2Cu2.96Zn0.04O7,True
Ca0.9Cd0.1La1Ba1Cu3O,True
Y1Ba2Cu3H1.15O6.91,True
Y0.8Ca0.2Ba2Cu3O6.7,True
Bi1.7Pb0.3Sr2Ca0.9Nd0.1Cu2O8.27,True
Y1Ba1.6Sr0.4Cu4O8,True
Y0.95Ca0.05Ba2Cu2.97Mg0.03O,True
Y1Ba2Cu2.94Fe0.06O6.954,True
Y1Ba2Cu3O6.75,True
Bi2Sr1.1Ca1.9Cu2O8.22,True
Er0.8Ca0.2Ba2Cu3O6.91,True
Bi2Sr1.2Ca1.8Cu2O8.199,True
Bi2Sr1.3Ca1.7Cu2O8.19,True
Gd1Ba1Sr1Cu3O6.9371,True
Y1Ba1.8Sr0.2Cu4O8,True
Pb2Sr2Dy1Cu3O8,True
Er0.8Pr0.2Ba2Cu3O7,True
Bi2Sr1Ca2Cu2O8.229,True
Er0.8Pr0.2Ba2Cu3O7,True
Y1Ba2Cu2.85Ga0.15O7,True
Y0.75Ca0.05Pr0.2Ba2Cu3O6.95,True
Pb2Sr2Ho0.05Ca0.5Cu2.994Al0.006O8,True
Y1Ba2Cu2.95Fe0.05O6.84,True
La1Ba1Ca1Cu3O6.98,True
Y1Ba1.8La0.2Cu3O7,True
Y1Ba2Cu3O6.73,True
Y1Ba2Cu2.88Ni0.12O7,True
Y1Ba1Sr1Cu2.975Sn0.025O6.91,True
Ca0.46La0.54Ba1.29La0.71Cu3O,True
Bi2Sr1.7La0.3Ca1Cu2O,True
Dy1Ba2Cu3O7,True
Er1Ba2Cu2.96Zn0.04O7,True
Tl2Ba2Ca0.85Y0.15Cu1.92Co0.08O8,True
Bi2.1Sr1.93Ca0.97Cu2O8,True
Y0.75Pr0.15Ca0.1Ba2Cu4O8,True
Ho1Ba2Cu4O8,True
Bi2Sr2Ca0.8Y0.2Cu2O,True
Tl0.5Sr1.8Yb0.2Ca1Cu2.5O7,True
